pathway	CD4+ Naive/CM T	CD4+ Th17/Th2	CD69+ Treg	CD8+ FOXP+ gdT	CD8+ Mem T	CD8+ NKL CTL	CD8+ NKL gdT	Th17 ex	Unknown
Alphav-Beta3 Integrin-Pkcalpha Complex (3g)	1.519538885279774	1.2319615710773906	-0.053746416343196345	-0.43389024416584215	-0.14648423359072188	-1.5033326172310708	-1.154644817791598	0.6029613540567359	-0.06236348129147203
Interleukin-6 Receptor Complex (3g)	1.6172232884812814	0.7672837185476082	-0.15493460152014407	1.0727153094059947	-0.31963894777181845	-1.3103162784360427	-1.225725588319198	-0.5394614633761677	0.09285456298848462
Ciliary Neurotrophic Factor Receptor Complex (3g)	1.6145193463746548	0.8531080878081329	-0.16828024627556978	1.0432817522094275	-0.32187625481242316	-1.192524736957663	-1.3009091830756425	-0.5732252080559938	0.04590644278507941
Oncostatin-M Receptor Complex (2g)	1.5720836831712177	0.4325809874527355	-0.3063223489009656	1.5141050386081794	-0.33133315929955576	-1.1610553497826455	-1.070558369545247	-0.5895400488562162	-0.05996043284750087
Hinge Region Between Urothelial Plaques Of Apical Plasma Membrane (1g)	1.6406543746170632	0.8708157643447562	-1.2887098402743886	1.1577199306641062	-0.42731971565619925	-0.7561711489238776	-0.7963248240208087	-0.4003927975027691	-2.7174324788184294e-4
Tho Complex (6g)	1.4383914773123414	1.2064174121340896	-1.5381522195301114	0.5757816531209751	-0.24712388967157328	-1.2918699707070733	-0.17043389777985604	0.11029362458221523	-0.08330418946100615
Tho Complex Part Of Transcription Export Complex (6g)	1.4383914773123414	1.2064174121340896	-1.5381522195301114	0.5757816531209751	-0.24712388967157328	-1.2918699707070733	-0.17043389777985604	0.11029362458221523	-0.08330418946100615
Integrin Alpha6-Beta4 Complex (1g)	1.4463700519780471	0.9778469590147192	-1.8137933058497637	-0.1132629589419422	0.7106458639199464	-0.3287388677447413	-1.0043371766916376	-0.03617868306867159	0.16144811738404263
Protein Kinase 5 Complex (3g)	1.6080054334244904	-0.5409089579336471	-1.60471773336982	-0.35553988147479965	-3.201614042435237e-4	0.15639561216126455	0.4345069017702395	-0.8882238377152518	1.190802624541768
Nuclear Rna Export Factor Complex (2g)	1.7748039659524812	0.16997213782496215	-1.1273389598883994	-0.8836895593181711	-0.35030786922761203	0.6574680419409801	-0.3447697360093636	-0.9703557442585752	1.0742177229836969
Gemini Of Coiled Bodies (11g)	1.410778627946366	0.5658950689916292	-1.305362623060758	-0.6614202931056918	-0.07930552784390006	0.44265971855824326	-0.05312403169334254	-1.4429712594747603	1.1228503196822153
Transcription Export Complex (15g)	1.3802964273678873	0.967933667652622	-0.8541028356221538	0.9127627966477316	-0.30389796444934447	-1.805296601246948	-0.2800252911072879	0.2786005783637539	-0.29627077760626697
Acetylcholine-Gated Channel Complex (18g)	1.4590386111877216	0.6184574649285765	-1.5106819637680118	-0.9649359571647411	-0.27791340558338123	-0.6374493137808563	-0.3592834880796037	1.1995070812185544	0.4732609710417394
Delta Dna Polymerase Complex (5g)	1.3616899613013862	0.37233882196326545	-0.36277920948626335	1.1129089871341298	-1.1886739438437177	0.310206957904153	-1.4159182463844033	-0.8381845663495163	0.6484112377609652
Multimeric Ribonuclease P Complex (10g)	1.5897839184783749	0.3625914231958222	-1.410135552520983	0.4289287045740093	0.4515056441227343	-0.36787072288183004	-0.46893880360487605	-1.3970029451568864	0.8111383337936284
Cyclin E1-Cdk2 Complex (3g)	1.2810474218098071	0.2737157444349574	-1.621622197201607	-1.138946216976735	-0.226854951928113	0.5525097836585053	0.4974480575676719	-0.7250888925956125	1.107791251231126
Checkpoint Clamp Complex (5g)	1.5237838786839686	0.5739280547522533	-1.6401706704039347	-1.380428203583586	0.08669046594286393	0.3944721315055403	-0.1305476435884943	-0.1660993578192502	0.7383713445106365
Sperm Fibrous Sheath (8g)	1.4149481868641294	0.5718657548035655	-1.257112931565135	-0.5596942950074107	0.20064268279004882	0.8116164147536431	-0.18561640548155106	-1.6268665502038826	0.6302171430465949
Dna Ligase Iii-Xrcc1 Complex (1g)	1.5631040028671315	-0.49107232994887545	0.6821039649819255	-0.14638584776859973	-0.11902827810345516	0.7179969198714564	0.598992642003823	-1.4496123508313394	-1.3560987230720647
Ensheathing Process (1g)	1.528366461214519	0.10071174961065327	-1.4612840454600797	0.2913472895102972	-0.3403263257230854	0.6256205370938451	-0.15839728526759636	-1.4612840454600797	0.8752456644815265
Mesaxon (1g)	1.528366461214519	0.10071174961065327	-1.4612840454600797	0.2913472895102972	-0.3403263257230854	0.6256205370938451	-0.15839728526759636	-1.4612840454600797	0.8752456644815265
Serotonin-Activated Cation-Selective Channel Complex (2g)	1.369729717554249	0.8204755701534941	-1.728212850035699	-0.7869692654824813	0.42370450594857745	0.4948239700045507	-0.627089458820693	-0.6996249138689636	0.7331627245469646
Las1 Complex (1g)	1.6402412700092373	0.028188340367854618	-0.8850038075434001	-0.7011825780596302	0.778836043344439	-0.9385880912604373	0.05242853360210682	-1.1151408379152206	1.1402211274550507
Nuclear Stress Granule (5g)	1.2740161447339577	0.13749966113132717	0.1053103993248039	-1.6940379614270058	0.9080579081888753	-0.35060657981053006	0.5641424641702566	-1.4117234118547748	0.4673413755430932
Ric1-Rgp1 Guanyl-Nucleotide Exchange Factor Complex (2g)	1.4672630573784802	0.26139580007074353	1.0458994401614148	-2.0640864059018065	-0.17168479601042252	0.03524336478535868	-0.4959302056458836	-0.3080656181269709	0.22996536328908354
Nls-Dependent Protein Nuclear Import Complex (1g)	1.307800881945367	0.855657951209712	-1.631260471115244	-0.6503887615548396	0.1654140824442632	0.5713555983852813	-0.0446537941988346	-1.2751408210673214	0.7012153339516174
Sodium Channel Complex (26g)	0.5704431571831778	1.405846263502933	0.0547317704725804	-1.1736775133694517	-1.2112423990848051	-0.16280251631242873	-0.9848333134347861	1.3536204698534078	0.14791408118937457
Intrinsic Component Of Synaptic Vesicle Membrane (45g)	-1.0191981275934228	1.3107121461419722	0.9888503622341425	-0.5047245979040581	-1.5703148506588567	0.1699131313723345	-0.09010635970481581	1.1487306124679744	-0.43386231635526534
Semaphorin Receptor Complex (11g)	-1.075078567220318	1.527747653888027	-0.48968306411840457	-0.0036459812121984896	0.08818075995913408	0.29576070915657254	-0.6670373752383232	1.5179369927613726	-1.1941811279758645
Sex Chromosome (29g)	0.4345184704953441	1.3314545891400282	-1.595282494251607	-0.9189399260927934	0.9635396165894948	-1.1110040578837153	0.4503423577371223	0.5262650704060461	-0.08089362613991206
Microtubule Minus-End (8g)	0.5880160711111011	1.54097129241054	-0.8812584843659954	-1.1812076551839332	0.7353119510674102	-0.7655011418993249	-0.8594406451141552	1.0837554498014152	-0.2606468378270538
Fibrillar Collagen Trimer (12g)	0.7563029003213424	1.9245112238677042	-1.1482214201177257	-0.41716189697323763	-0.652397329521323	-0.9702113705378431	-0.34642970192314193	0.8630131014380461	-0.009405506553820189
Banded Collagen Fibril (12g)	0.7563029003213424	1.9245112238677042	-1.1482214201177257	-0.41716189697323763	-0.652397329521323	-0.9702113705378431	-0.34642970192314193	0.8630131014380461	-0.009405506553820189
G Protein-Coupled Receptor Dimeric Complex (7g)	0.8291246950521706	1.4169934071974777	-0.6079202438740555	-0.8609791153173175	-0.7562046758679352	-0.24640257256681128	-1.3337586117034645	1.311968254172111	0.24717886290782215
G Protein-Coupled Receptor Complex (9g)	0.8571498811217452	1.4137717004945667	-0.8874213721857801	-0.9285554141007507	-0.6405968588011663	-0.1515769859360231	-1.2411785577300176	1.2348844032311752	0.34352320390625185
Endolysosome Lumen (5g)	0.5054391597406268	1.3624649678973724	-1.8805726278890371	-0.6597853339998636	-0.1607544826352895	0.31868924011982763	-0.0126128494067074	1.1718204478277874	-0.644688521654718
Host Cell Surface (1g)	-0.026789688660143345	1.6813206499148556	-1.075577298967292	-1.0645510366768547	-0.5570356291316796	-0.32294784820582667	-0.12847852777242624	1.5640701714246585	-0.07001079192528888
Copi-Coated Golgi To Er Transport Vesicle (1g)	0.5799761079946758	1.342661640194613	0.7428254191527499	-2.046197064716602	-0.5540330452232134	-0.3233629636397941	-0.3449443173023602	0.7542088140385121	-0.15113459049858266
Striated Muscle Myosin Thick Filament (3g)	0.6300683875468113	1.7009235949062949	-1.5113555222476038	-0.41263193936793136	-0.949518392618597	0.09414929875047809	-0.5421322862829303	1.0246412048855098	-0.03414434557202914
Kicstor Complex (5g)	0.6017292702966007	1.3361783884039125	-0.6728616005975643	-1.6796188752279253	0.8593670241296033	-1.25484808013054	0.2927780277800686	0.4103372800239327	0.10693856532191046
Bmp Receptor Complex (4g)	0.5516877905152746	1.3644465509816186	0.9344106035751685	-1.792163552210254	-0.08800056072098492	-0.3067634275182845	-0.84731376221908	-0.5835376852354719	0.7672340428320134
Leading Edge Of Lamellipodium (2g)	-0.1942727503375648	1.3165021869131226	0.4776094318855376	-1.776402769195613	-0.167952913029307	0.678036272788889	1.0487467138578723	-1.079862811384771	-0.30240336149816605
Cis-Golgi Network (69g)	0.7753836052344693	1.430772051429602	-0.16811982016202603	-0.8889759361350076	1.1746631076778007	-1.6635563609722013	-0.12683893758192863	-0.6039831330341481	0.07065542354343399
Voltage-Gated Sodium Channel Complex (17g)	1.2397522174197482	1.27871612567553	-0.5027016799401377	-1.1085450756930542	-1.2714089842881102	0.25148263776063273	-0.9627126166432705	0.25352813360539567	0.8218892421032699
Collagen Type Iii Trimer (1g)	0.8147333234972471	1.3796612896698022	-2.257166110519212	-0.1974883680515623	0.12489081576810267	0.2584480420327469	-0.2630042223555528	0.3322505951818936	-0.192325365223465
Cst Complex (3g)	1.3535835075530722	1.7945823453628538	-1.2612493532429143	-0.8995718705570326	-0.2633597942706879	-0.20348651705316065	-0.3217756800861208	-0.4951240867551297	0.29640144904912413
Cytoskeleton Of Presynaptic Active Zone (6g)	-0.4717962508411484	-0.2870292628730461	2.648958811343613	-0.27929270515545174	-0.4318373635598056	-0.24868869162884527	-0.40252911469696295	-0.10515186531980482	-0.4226335572685487
Presynaptic Cytoskeleton (8g)	-0.4675947543659081	-0.29696556267345775	2.6498262139700484	-0.28374352405539743	-0.43002784656626436	-0.235081651145646	-0.40812401165278983	-0.11451130287116901	-0.41377756063941595
Ire1-Traf2-Ask1 Complex (4g)	-0.6559339345983164	-0.5017409213636842	2.604371692846766	-0.06505507122194713	-0.007611866256106707	-0.431219268250734	-0.15528199361767053	-0.32027462001374696	-0.4672540175245602
Inner Dynein Arm (4g)	-0.5825389026651887	-0.17770627430392957	2.604655220698607	-0.4611874019580306	-0.36542299947466833	-0.28441215667857306	-0.32502408510743713	0.13397583386697481	-0.5423392343777542
Synaptic Cleft (17g)	-0.5827915697096389	-0.2638565455009669	2.602440294909674	-0.03738247415861702	-0.5427447501973165	-0.27077730878170475	-0.4490656025009768	0.039672398265946825	-0.4954944423264013
Spot Adherens Junction (1g)	-0.4102885991099519	-0.3763662587178375	2.6612884726935224	-0.18985321248564846	-0.31922225204328475	-0.3237299735023735	-0.30265109301796733	-0.3665784847258395	-0.3725985990906196
Rhabdomere (1g)	-0.43406026623083666	-0.2263828174383099	2.6480791707460467	-0.4298510911525333	-0.36554780055189595	-0.22579358155393223	-0.38372560419677065	-0.11584000940015543	-0.46687800022161197
Astrocyte Projection (13g)	-0.4210523645848124	-0.43317787914922895	2.6206194942913013	0.08186820139328055	-0.3551749463187855	-0.2578685693215138	-0.42289435267798353	-0.5783606440130632	-0.2339589396191938
H Zone (1g)	-0.4421989354210907	-0.05554879407150969	2.632251569118837	-0.4434367823274842	-0.35723972293691164	-0.3826972087903328	-0.4595436333072675	-0.058839286454085385	-0.4327472058101558
Growth Cone Lamellipodium (3g)	-0.21574344804658832	-0.1655491542297328	2.6457576963413554	-0.28470413561204605	-0.4412453497879135	-0.4231663127846298	-0.5659011165200485	-0.274945459972055	-0.2745027193883415
Integrin Alpha9-Beta1 Complex (1g)	-0.4619139607461902	-0.3641758846066709	2.646053926204575	-0.31847828469601513	-0.4019834403915749	-0.34593946135571546	-0.20396051898977136	-0.0784780565943819	-0.47112431882425476
Cochlear Hair Cell Ribbon Synapse (1g)	-0.46844611785588597	-0.25957648132226646	2.6431545308751403	-0.40028526909911905	-0.37556472957638226	-0.2550953581651582	-0.3936825156653233	-0.03875921225629451	-0.4517448469347109
Ire1 Complex (1g)	-0.6037851452016958	-0.4789188757599805	2.609459127520619	-0.04068577431554545	0.01742145166230218	-0.41992458578188696	-0.2528186913470566	-0.4843656841404209	-0.34638182263633516
Extrinsic Component Of Autophagosome Membrane (2g)	-0.3031208111436171	-0.17621332880514665	2.6367816776947977	-0.6428699764624488	-0.37468274417083147	-0.3271570026751828	-0.20953496147699993	-0.16391226574245532	-0.43929058721811554
Messenger Ribonucleoprotein Complex (10g)	-0.6020942426250279	-0.41835257751393323	2.6345727680482867	-0.22004195403840904	-0.4002149496502814	-0.27895596821138957	-0.03359473476892961	-0.31018683215693416	-0.37113150908338355
Apical Tubulobulbar Complex (1g)	-0.45608582861165775	-0.18111332194419796	2.6391042563218137	-0.3688114918746934	-0.3661137877452479	-0.41206596399060896	-0.4682509781889694	-0.019492790456907556	-0.36717009350953145
Basal Tubulobulbar Complex (1g)	-0.45608582861165775	-0.18111332194419796	2.6391042563218137	-0.3688114918746934	-0.3661137877452479	-0.41206596399060896	-0.4682509781889694	-0.019492790456907556	-0.36717009350953145
Tubulobulbar Complex (2g)	-0.47231726586579986	-0.20254688333268892	2.6375081851716455	-0.028853608274699356	-0.4267129247251552	-0.443397891421161	-0.405342177179587	-0.23191332333498277	-0.42642411103757116
Acrosomal Vesicle (109g)	-0.3111024734523083	-0.2878442584616166	2.6293556938015166	-0.10027549254270375	-0.533530741997831	-0.24927635999215322	-0.33869174456222556	-0.6370656349344201	-0.17156898785825925
Collagen Type Vi Trimer (3g)	-0.3665496040486845	-0.2185394028015089	2.620964752865534	0.11379993962225456	-0.3929624675917715	-0.40737733290732087	-0.43770986156220787	-0.5189736661994355	-0.3926523573768603
Collagen Beaded Filament (3g)	-0.3665496040486845	-0.2185394028015089	2.620964752865534	0.11379993962225456	-0.3929624675917715	-0.40737733290732087	-0.43770986156220787	-0.5189736661994355	-0.3926523573768603
Growth Cone Filopodium (4g)	-0.0826832429393159	-0.1449059617537519	2.6187836812931478	-0.1432244870677825	-0.3900889751893123	-0.5550242939228947	-0.5569431991263123	-0.5229966343401642	-0.2229168869536143
Dna Replication Factor C Complex (5g)	-0.1849808106216152	-0.32822605639688274	2.652818464853018	-0.5264539201200101	-0.4093036330776653	-0.24563896841371502	-0.37608135572609913	-0.33957062752747663	-0.24256309296955272
Shc-Egfr Complex (2g)	-0.30172567919242227	-0.3724746896358626	2.663300273243525	-0.23804976273728637	-0.3858073476151033	-0.2825914725027902	-0.379315823258067	-0.33646857263829055	-0.3668669256637023
Ctf18 Rfc-Like Complex (8g)	-0.08734411199969346	-0.17107672952309308	2.6204408777899437	-0.47160073413036313	-0.6231593306597812	-0.10620872242421642	-0.4896790955342666	-0.4035917735718203	-0.26778037994671067
Tead-1-Yap Complex (2g)	-0.47227241146311005	-0.03529726540583717	2.6169770886502186	-0.44752875895081	-0.5525368128678203	-0.3388290666392432	-0.3765436283000144	0.01202354481290758	-0.40599268983629033
Multivesicular Body, Internal Vesicle Lumen (1g)	-0.3546593237974933	-0.36953067998477224	2.664980459032132	-0.32192528463066467	-0.310275366788847	-0.2835894070861458	-0.37682514612816503	-0.28439769504652207	-0.3637775555695218
Laminin-8 Complex (1g)	-0.4158092215166777	-0.020934899825685558	2.6369347384518838	-0.4098913701944377	-0.19072971959871982	-0.4298984732689928	-0.5261311130370829	-0.3130415154246382	-0.3304984255856488
Insulin-Like Growth Factor Binary Complex (1g)	-0.33799102044713547	-0.3516844933367985	2.606147031412361	-0.6676879787756722	-0.14156167162723712	-0.008418979136695459	-0.4949742017443667	-0.4979448423301757	-0.10588384401428
Laminin-2 Complex (2g)	-0.3657303372343866	0.14025108776917686	2.599835062518741	-0.5433891896466628	-0.29615974013093926	-0.47868907972990665	-0.5694608217244478	-0.11565737848654967	-0.3709996033350253
Cytosolic Large Ribosomal Subunit (60g)	-0.3471475327364236	-0.3275722008727565	-0.13224715994342037	2.6543887421597727	-0.3265249964735333	-0.2958554951972314	-0.3547153329647634	-0.5066137961342917	-0.3637122278373521
Cytosolic Ribosome (109g)	-0.3457475705384271	-0.3279721114753336	-0.11465289867866348	2.652806420306551	-0.3241779256358713	-0.3008088829080321	-0.35869414358109586	-0.5120147582507018	-0.3687381292384262
Large Ribosomal Subunit (120g)	-0.33154673705461973	-0.33245447518783827	-0.11752190650694	2.651019574183409	-0.32690063588130686	-0.2941057907754527	-0.3571391401894914	-0.5448490073229528	-0.34650188126480763
Ribosomal Subunit (193g)	-0.33555422230554516	-0.33292812441922653	-0.1015711287072639	2.6501175332203175	-0.32185139805422935	-0.3010794458788864	-0.3568922901952881	-0.5403880405001835	-0.3598528831596951
Ribosome (237g)	-0.3348016343202205	-0.33750646062352896	-0.0976725468055069	2.6492727993258325	-0.31737275093974426	-0.29878936738279965	-0.35252804144000727	-0.5473238078557494	-0.36327818995827577
Polysomal Ribosome (32g)	-0.3526444459351366	-0.3393022106034974	-0.14561257005722641	2.655576218012317	-0.30299449105684423	-0.2969062819118747	-0.3374999531917732	-0.49331808843229447	-0.38729817682366946
Cytosolic Small Ribosomal Subunit (46g)	-0.34472161273334173	-0.3289768663142949	-0.09050336980087509	2.650632713157768	-0.32077204830411393	-0.30878766209710945	-0.3645603244999674	-0.5155763249600005	-0.376734504448065
Small Ribosomal Subunit (77g)	-0.3415788898132409	-0.3315139437618746	-0.08325120098912214	2.6490337333450316	-0.3148459594170414	-0.3098724689844837	-0.35931349915528304	-0.5318765992645994	-0.3767811719593871
Ribonucleoprotein Complex (890g)	-0.3983110698670299	-0.3544618463134556	-0.04439279113444654	2.6372059510000576	-0.2042363084137868	-0.3705274278756341	-0.2473446669927135	-0.5263454859202233	-0.49158635448276883
Polysome (73g)	-0.37488479373910566	-0.3385367698735397	-0.08976276558094821	2.6515701608180087	-0.28312481076485074	-0.3304958030037456	-0.33735797852552657	-0.4559547744640121	-0.44145246486627965
Rough Endoplasmic Reticulum (82g)	-0.4028880854098702	-0.3290113179644625	0.07892673184190589	2.6297597629199845	-0.32845390105458894	-0.3699094029139118	-0.3315456967658073	-0.5216073118941397	-0.425270778759109
Cytoplasmic Side Of Rough Endoplasmic Reticulum Membrane (5g)	-0.3388225373942126	-0.3196091671904557	-0.12824784757011698	2.6543625832741937	-0.318847024529209	-0.310758383235491	-0.36434822256365423	-0.5011907313559604	-0.3725386694350938
Rough Endoplasmic Reticulum Membrane (28g)	-0.3397749647369352	-0.39000885655169276	0.009856017442338072	2.627551653990354	-0.28649676995419315	-0.27973386926636223	-0.3298612911479143	-0.6600107476649715	-0.3515211721106222
Cytoplasmic Side Of Endoplasmic Reticulum Membrane (15g)	-0.35713957398963	-0.2787695160801265	-0.11831208938380064	2.6503577314907507	-0.25605382914825425	-0.43186072701202055	-0.30074042982913185	-0.4215571475946631	-0.48592441845312306
Gait Complex (4g)	-0.32711142391650627	-0.25656022784621263	-0.5517247111682395	2.6456715721205044	-0.2076773037282859	-0.2306484709010882	-0.2777957099241762	-0.528144852591758	-0.2660088720442384
Nf-Kappab Complex (2g)	-0.3106362362416292	-0.2830937631767282	-0.44511336812884833	2.6585378002103606	-0.2951513949854852	-0.24835112771863255	-0.27597916398699063	-0.478485443488646	-0.32172730248340053
Translation Initiation Complex (1g)	-0.3033632140475368	-0.30620377212204786	-0.33201187671344284	2.663236752096057	-0.27982961907837484	-0.26986001733375253	-0.35634934553033626	-0.42225114033738115	-0.3933677669331847
Eukaryotic 80s Initiation Complex (1g)	-0.3033632140475368	-0.30620377212204786	-0.33201187671344284	2.663236752096057	-0.27982961907837484	-0.26986001733375253	-0.35634934553033626	-0.42225114033738115	-0.3933677669331847
Mitochondrial Proton-Transporting Atp Synthase Complex, Catalytic Core F(1) (5g)	-0.44610992941582506	-0.35776209533720577	0.025157110753722144	2.622296576172029	-0.35351237295299304	-0.2741307108377914	-0.20936937448960788	-0.6539083714014559	-0.35266083249087277
Ferritin Complex (2g)	-0.2960633090954975	-0.31409659424295294	-0.3154294477858453	2.6553865382719266	-0.34521518884426977	-0.16063754187726298	-0.2988764421589607	-0.48416676781415074	-0.4409012464529871
Intracellular Ferritin Complex (2g)	-0.2960633090954975	-0.31409659424295294	-0.3154294477858453	2.6553865382719266	-0.34521518884426977	-0.16063754187726298	-0.2988764421589607	-0.48416676781415074	-0.4409012464529871
Mitochondrial Proton-Transporting Atp Synthase Complex, Coupling Factor F(O) (11g)	-0.5013702419430711	-0.3509643787634233	0.11387669879446859	2.6254717838944814	-0.3557203565542987	-0.3273602380615864	-0.38135258715648257	-0.4423621423501001	-0.38021853785998766
Proton-Transporting Two-Sector Atpase Complex, Catalytic Domain (17g)	-0.34294857936343287	-0.27296387600581207	-0.44869415361226195	2.6409596707638685	-0.40764587945952324	-0.2694980458839704	-0.07227088715856142	-0.5650304872194418	-0.2619077620608652
Secondary Lysosome (14g)	-0.27346424419959336	-0.2922044107955355	-0.1078915836331343	2.6248103380301506	-0.41287494628446525	-0.12478077034838038	-0.32266689392690595	-0.7087927156675711	-0.3821347731745659
Sperm Midpiece (25g)	-0.11222078767754466	-0.27563147987483644	-0.6725286784327341	2.6205369732785875	-0.3137972141356733	-0.30094711310461186	-0.48577744941984063	-0.40485358073762673	-0.054780669895717435
Mitochondrial Outer Membrane Translocase Complex (10g)	-0.2032550590578562	-0.3331803837605464	-0.31227701698914245	2.645727539393636	-0.27370015227212185	-0.2791904798524207	-0.30265467156710313	-0.6477171578533552	-0.2937526180410893
Prefoldin Complex (7g)	-0.24725128843981475	-0.379811404624877	0.005931356895129733	2.620172222392996	-0.3087905962381697	-0.24522702189543027	-0.3251858940280923	-0.7031331745082869	-0.416704199553454
Rdna Heterochromatin (5g)	-0.16960843671278156	-0.305357736136473	-0.5100488569854204	2.639053930497717	-0.267021065487255	-0.20180390273588225	-0.36253686828573944	-0.6002529640395454	-0.22242410011461977
U2-Type Catalytic Step 2 Spliceosome (30g)	-0.21839489942529305	-0.4585532082860791	-0.16258586532368804	2.6308284114643272	-0.3959689018838804	-0.18702100251822046	-0.20733999683577775	-0.6716798527160628	-0.3292846844753257
U4 Snrnp (11g)	-0.23108271978220385	-0.28308175274692965	-0.17797505813072062	2.6422783484394823	-0.31577122086077586	-0.38934390956093634	-0.48880084925248013	-0.5743161608773114	-0.18190667722812356
Phosphatidylinositol 3-Kinase Complex, Class Ia (2g)	-0.6144197639918195	-0.5009887186589262	-0.03588315572967296	0.9076484226346644	1.860177446608164	-0.6493740368032451	0.8476979867431238	-1.2940759835295894	-0.5207821972726981
Perinuclear Endoplasmic Reticulum Membrane (4g)	-0.5561744454700389	-0.6163029856404341	-0.6945216719508802	1.1332218923722117	1.6592513514859326	-0.5532806839238882	0.8961610926049647	-1.2965923665940988	0.028237817116229663
Escrt I Complex (10g)	-1.4036083425551138	-0.6119063905335478	-1.0953144561750663	0.8149804342102468	1.5615205234197267	0.4910062799982753	0.9317099375100982	-0.28464823481719126	-0.4037397510574265
Interleukin-18 Receptor Complex (3g)	-0.46826779409062835	-0.19753574416688652	-1.1432812611160732	1.3133025896546087	1.4926305094787573	-0.43020131953030183	-1.033324828618434	-0.5150512972478688	0.9817291456368281
Tricarboxylic Acid Cycle Enzyme Complex (15g)	-0.1734396690607371	0.19019325985019245	0.07539007242318257	-2.043884575999792	1.4926979884454237	-0.5085593980561608	1.0250102090753284	0.29650650743011797	-0.353914394107561
Golgi Transport Complex (14g)	-0.685707022547329	-0.7462717225748066	-0.9364518710942703	0.12082860745113133	2.306161852405896	-0.45102731462566975	0.6697303345406805	-0.32910260974422617	0.051839746188588755
Nucleosome (79g)	-0.08421961175116248	0.4068235409611369	-0.5112120240250917	-1.1689642772687907	1.4966225477741255	-1.2073597484017136	1.3574838920195338	0.4110280063310518	-0.700202325639099
Protein N-Acetylglucosaminyltransferase Complex (1g)	-0.1161029456756145	0.3688164073293614	0.4678556952029691	-1.9301384720985242	1.840918519221284	-0.5451899908626286	0.07753989847403046	-0.39850933750884715	0.23481022591797285
Isoamylase Complex (1g)	-0.6692438813168416	-0.939051106961069	0.6821420091417756	0.8701047644718349	1.7621927456479207	-0.788181782702226	0.33010545843896366	0.02154125654774332	-1.2696094632681048
Heteromeric Smad Protein Complex (2g)	0.13763619414227563	0.003501562139009413	-0.8400875934599306	-0.08767751160269673	1.9192243385669845	-1.3764084084520578	0.07752767910085992	0.9968846278236666	-0.8306008882581187
Protein Phosphatase 4 Complex (4g)	-0.33360707252318095	-0.4091255293029784	0.2096585057135053	1.2105283708288994	1.588311678576097	-0.7428375256179461	0.7370612828999836	-0.9878517260709728	-1.272137984503411
Dna Packaging Complex (87g)	-0.3177674851179378	0.3044368943847428	-0.24374794238907038	-0.8526631981443373	1.5188007756064554	-1.4665283738987083	1.4840164101358504	0.15357604393568192	-0.5801231245126904
Nuclear Pore Nuclear Basket (12g)	-1.5849208591145805	0.15665442301944257	0.6823207504664527	-0.806494147000738	1.8185958836940075	-0.5511307434768244	0.78228409344332694	-0.22830723380736548	-0.2690021672237426
Exosome (Rnase Complex) (25g)	0.2825124991096596	0.05374863964057193	-1.2917307997007694	-1.1132304520847665	1.654921438613205	0.2929309386504394	1.1421635507613117	-0.9342102636311456	-0.08710555135851498
Exoribonuclease Complex (26g)	0.4072901062564696	0.053495802700425844	-1.30319674611017	-1.117912000943094	1.6396074898066935	0.19924181236441513	1.0905955399827416	-0.982655664660955	0.013533660603485398
Smad Protein Complex (7g)	0.2847274411588849	-0.1476793926791529	-1.5230786593814982	-0.5077308691097857	1.7799697654165216	-0.5722739588701673	0.0063214815051280664	1.2322582088652267	-0.5525140169051571
U2-Type Post-Spliceosomal Complex (2g)	-0.46153206528961366	-0.5226276340950842	0.3520157678223229	-0.7092850378021939	2.1218940908336914	0.9379286502649078	-0.09815027663613347	-1.1121776107051826	-0.5080658843927144
Transcription Factor Tfiih Holo Complex (12g)	0.07942751836414111	0.16204294707230818	-1.0058762755085664	-1.0159367923549087	1.8761382354277587	-0.9993555288709896	0.3763734847281444	1.0133574343014629	-0.4861710231593602
Organelle Membrane Contact Site (21g)	0.8877720054696572	0.3277223713231666	-0.8799872923230536	0.01539903514225189	1.9916418290210351	-0.8667999924122308	0.2529752010082054	-0.700614185874716	-1.0281089713543021
Atf4-Creb1 Transcription Factor Complex (2g)	0.17703684754111831	-0.06735938537487657	-0.8168823414699068	-0.869077828711995	1.980166216752145	0.9454543741846129	0.17793566993535	-0.24951516593297254	-1.277758386923477
Post-Spliceosomal Complex (3g)	-0.24138525467733143	-0.6677177018974217	-0.24191792515736396	0.16221299483282248	1.856749976166906	0.9643311555730818	0.04985085581414643	-1.7347600932345097	-0.14736400742033226
Postsynaptic Recycling Endosome (6g)	-1.0011448852546156	0.16577571045968456	-0.48722708714686314	1.2196187882869205	0.09014157010200771	1.682101958232288	0.28999407541489797	-0.5300035998872844	-1.4292565302070375
Astrocyte End-Foot (6g)	-0.21650138614499967	-0.9346572139959644	-1.362172041699043	0.6606544979907008	-0.4312577493074332	1.9656596926823573	0.6652995392933163	-0.5162428559788748	0.16921751715993896
Meiotic Spindle (11g)	0.2660441308228461	-0.3601000482683459	-1.511390447842608	-0.9715280111061088	-0.11530045067403678	1.722278573682468	0.9024450114587178	-0.58878138460188445	0.6563326265289505
Trna-Intron Endonuclease Complex (4g)	-0.03187156119626409	-0.27968978911445647	-1.5742932134640053	-0.6297448376100909	0.8113136033767987	1.6929941042466115	0.09585187962579796	-0.9107726224378033	0.8262124365734126
Cyclin D2-Cdk4 Complex (2g)	0.08555687628215021	-0.3076248734088416	-0.9142659362163091	1.0547808216352446	-0.7303308287870492	1.6429370716709524	-0.4975918644484205	-1.2653163063201058	0.9318550395923799
Interleukin-28 Receptor Complex (3g)	0.2389295206297418	-0.15762708249190807	-2.112626103346421	-0.5641352827923259	0.23387815960684266	1.6460557498931865	0.5745914151657501	-0.05670188422887099	0.1976355075640062
Anchoring Collagen Complex (3g)	-0.6567911543204317	1.0384501658732757	-0.1936472095153276	-0.1701819322451445	-1.094154896375893	1.7724447742841996	-1.0801759311591632	0.8418436299228966	-0.4577874464644097
Alpha9-Beta1 Integrin-Vascular Cell Adhesion Molecule-1 Complex (2g)	0.09345965601917766	0.15140668328327647	-2.0217313371344	-0.02879192938853711	-0.10393696282056637	1.6331021677381112	0.09292237477070071	-0.6752895505706658	0.8588588981029016
Cortical Granule (1g)	-0.2195338539317718	0.03202117069886083	-1.6456764224656295	-0.08057981087195415	0.426131794873853	2.1540563952540066	0.19248361430009156	-0.49495430848228095	-0.3639485793751751
Dynactin Complex (7g)	0.09901047642785687	-0.24267511123104657	-0.6092285983041948	0.30072470776089855	0.8793143443688908	1.6850017480426476	0.171275754974911	-1.9230374112410562	-0.360385910798905
U4/U6 Snrnp (3g)	0.3463447298797312	-0.24926622375196625	-0.9934488994264211	0.9200623755684327	0.5445154518242622	1.5962361671643988	-0.9160155158032964	-1.4964578277340135	0.24802974227887364
Symbiont-Containing Vacuole (7g)	0.22766698663886437	-0.8324424438385474	-1.2432015220129171	0.657081946308905	-0.31347340253005446	1.793094768718977	-0.0632315870946075	-1.0963692554269109	0.8708745092362967
Integrin Alphal-Beta2 Complex (2g)	-1.3434421539764125	-0.665496778467957	-0.6782300716890979	-0.04546277577553363	0.5367486470040583	0.637217794826723	1.6938586616345357	0.8591646104968044	-0.99435793405312
Bleb (9g)	-0.779736237927931	-0.45493332543436077	-1.529439589297673	0.2040519618869623	0.8848821464595339	0.29468257899441186	1.751782487835612	0.44550479173105323	-0.8167948142476129
Core-Binding Factor Complex (3g)	-0.9517267388339593	-0.47709978121848773	-0.9521682948110113	-0.28346718001872573	0.9585264568632638	-0.17649071988288575	1.8003578974468892	0.9589219184759279	-0.8768535580210133
Late Endosome Membrane (138g)	-1.528799231658187	-0.6436291579391581	-0.21228140387909603	0.6487663128496503	0.7883889114148518	0.30783532424343074	1.6730303939000433	0.08887599636685252	-1.1221871452983982
Chromaffin Granule Membrane (6g)	-1.3405403178924353	-1.034517893833016	0.15858134858986322	0.21557290742750915	1.0338275988856815	0.18144723046097985	1.763457557588093	-0.05791231226780097	-0.9199161189588764
Mast Cell Granule (22g)	-1.2318555401887434	-0.21133530987520385	-1.3634382390961877	1.1581966559330488	-0.175196211963312	0.11055284121716769	1.6748545693385397	0.4599632491864751	-0.4217420145517818
Platelet Dense Tubular Network (11g)	-1.1981039267854425	-0.125669698635037	-1.3067669733796108	-0.49821588638596576	0.8938304523971151	0.15357857104439138	1.667457882086156	0.879368681277365	-0.46547910161897715
Cytoplasmic Side Of Endosome Membrane (4g)	-0.6633484507678974	-0.48667590708943154	-1.711155214532288	0.9625460296792123	0.5835560574350477	0.18158723084834968	1.7111913741916325	-0.2912548557716817	-0.2864462639929449
Cytoplasmic Side Of Early Endosome Membrane (3g)	-0.65523337899697	-0.47602415618556526	-1.7213183746267307	0.9732951441954995	0.4933616424768469	0.23147408946789552	1.7207423487133344	-0.19499164503091074	-0.37130567001339704
Compact Myelin (14g)	-1.3400236899231417	-0.5709513317831293	0.8962504460316316	0.4801913091500455	0.05796130967697772	-0.3700165659443961	1.7440604121403156	0.34491263688184454	-1.2423845262301505
Cul4-Ring E3 Ubiquitin Ligase Complex (38g)	-1.0228611656064897	-0.24487143314214513	0.6457637542545741	-0.9993628856878938	1.0168366169973397	-0.1875879160587707	1.7018297144006258	0.2863642000531464	-1.196110885210392
Trappii Protein Complex (3g)	-0.781155298192342	-0.0891794974254531	-1.2702162210456034	-0.8217598985175962	0.8202574695270282	0.6418690831329639	1.793285667401873	0.4656008524007684	-0.7587021572816418
Apolipoprotein B Mrna Editing Enzyme Complex (3g)	-0.7761832430486707	-0.6006943053773305	-1.7416984397103077	0.43147379079607534	0.1659353277574136	0.8568390088902936	1.7367583803072975	-0.17105304356423162	0.0986225239494595
Ccr4-Not Complex (16g)	-1.3371254976201907	-0.8917231933548753	0.17170116335436084	-0.15309653780613017	1.381670949039712	-0.15695577261730256	1.671529405399164	0.10479806544972135	-0.7907985818444503
Intrinsic Component Of Peroxisomal Membrane (15g)	-0.5319174280358099	0.0029485249955101575	-1.2775422002438348	1.220383829790386	-0.3602547784513644	0.40722561723732204	1.7937797763719399	-1.0115657735803898	-0.24305756808376242
Integral Component Of Peroxisomal Membrane (15g)	-0.5319174280358099	0.0029485249955101575	-1.2775422002438348	1.220383829790386	-0.3602547784513644	0.40722561723732204	1.7937797763719399	-1.0115657735803898	-0.24305756808376242
Mitochondrial Tricarboxylic Acid Cycle Enzyme Complex (7g)	-0.19568973676149135	-0.36091337149901787	-0.16463091025215199	-1.0152528193672823	1.345449875752512	-0.6140099062501303	1.7073389675441006	0.4928765987649764	-1.195168697931523
Phagophore Assembly Site Membrane (16g)	-0.721141503364936	-0.7671536251760438	-0.3412400286723585	-1.0801792342872396	1.4802646105685675	0.1138206339224922	1.7051473430146762	0.2638639412367961	-0.653382137241965
Mitochondria-Associated Endoplasmic Reticulum Membrane (14g)	-0.8975609596545236	-0.5718980441918559	-1.2793508525567359	0.2214717822002325	0.9473164071165775	0.738935232149616	1.7765678460207768	-0.7363844261497318	-0.19909698493434633
Host Cell Nuclear Part (5g)	-0.16645163421048131	0.24943288474614292	-0.8198400424808544	-1.2136741545056096	-0.37720436221298875	0.17217785901091684	2.070678286996129	0.8491918195597371	-0.7643106569029849
Host Cell Nucleus (5g)	-0.16645163421048131	0.24943288474614292	-0.8198400424808544	-1.2136741545056096	-0.37720436221298875	0.17217785901091684	2.070678286996129	0.8491918195597371	-0.7643106569029849
Pre-Replicative Complex (3g)	0.49716924899443193	0.08640871179742018	-0.31321488001525777	-2.0583913465872716	-0.5710251817533744	-0.007163564962068943	1.687039788546802	0.40046800844643976	0.27870921553287825
Nuclear Pre-Replicative Complex (3g)	0.49716924899443193	0.08640871179742018	-0.31321488001525777	-2.0583913465872716	-0.5710251817533744	-0.007163564962068943	1.687039788546802	0.40046800844643976	0.27870921553287825
Spine Apparatus Membrane (1g)	-1.1435409985111182	0.4342712950807507	-0.744584012153395	-0.11884589459706339	0.20637282775234397	-0.23341043058368438	1.6671627298202454	1.2024947258347882	-1.2699202426428693
Intrinsic Component Of Spine Apparatus Membrane (1g)	-1.1435409985111182	0.4342712950807507	-0.744584012153395	-0.11884589459706339	0.20637282775234397	-0.23341043058368438	1.6671627298202454	1.2024947258347882	-1.2699202426428693
Caf-1 Complex (3g)	-0.7006560504441004	-0.9825680430286874	0.35726415374871695	-0.2360040722464899	0.5909525922593428	0.7787038033505084	1.94610186186518	-0.6775339140901085	-1.0762603314143695
Myosin Complex (66g)	-1.3260679747983575	0.23297838735676682	0.6191323855084139	-0.029412949215093936	-0.3131296937668089	-0.1133408488282074	8.1597066587946e-4	2.086337610739075	-1.1573128876616727
Juxtaparanode Region Of Axon (10g)	-0.761948274453675	0.3560148151583526	0.8650331712089825	-1.184736599181514	-0.32550557399845054	-0.3372705047001291	-0.017990004893512195	2.1053055313499134	-0.6989025604899679
Neuron Projection Membrane (59g)	-0.3251600319601808	0.6514077938910275	0.8756350572460146	-0.9843629574861086	-0.42766699202284425	-0.7117254196230098	-0.6231598566256904	2.0883598014279294	-0.5433273948471401
Gaba-Ergic Synapse (72g)	-0.6365530469615126	0.6625850976078563	0.26281136607283556	-1.3473549948951296	-0.5987564470399896	0.015045330186695361	-0.17920932793622413	2.1799061026889937	-0.3584740797235248
Axolemma (14g)	-0.5553420484824364	0.5231074656020528	0.6604469009782367	-0.6691532978229967	-0.4908451078659677	-0.5506555523578641	-0.6634348206579779	2.291680457991238	-0.5458039973842862
Extrinsic Component Of Postsynaptic Membrane (9g)	-0.7651721358488676	0.43173868748413985	0.57163552723636335	-1.2435908361231351	0.048054733321900814	-0.4280151151239613	0.09138036316656432	2.117323430670516	-0.8233546547835188
Stereocilium Shaft (2g)	-0.5873754239869159	0.47912015585176104	0.08479481383168669	-1.6962371693067348	-0.046605282309828085	-0.21627129408030812	0.20324299447132693	2.087112988517553	-0.30778178298854286
Junctional Sarcoplasmic Reticulum Membrane (9g)	-0.18931171093397534	0.9811836312038579	-0.9205223418485531	-1.0198179043782742	-0.34669595857001856	-0.1940903385991292	-0.264650102138161	2.1970484974786784	-0.24314377221442396
Ampa Glutamate Receptor Complex (26g)	-0.13437346479008816	0.8435399899888787	-1.2639831942411317	-0.8045356547320629	-0.7008524698612721	0.14340679665276584	-0.24762475227965203	2.109346295576344	0.05507645368622005
Axonemal Central Apparatus (3g)	-0.36063132811874693	0.3649092117918544	0.006078294091115153	-0.31638902706905764	-0.663982131381814	-0.3899520861729802	-0.6226913459090545	2.5227502371240513	-0.5400918243553683
Nmda Selective Glutamate Receptor Complex (11g)	-0.49034794249474345	0.7773882113495717	-0.5328364422049846	-1.14498634981168	0.05782224871825157	-0.48709237880906825	-0.18840025005395836	2.2823656193865496	-0.27391271607993833
Axonemal Basal Plate (1g)	-0.10430006154690329	0.29920412701618326	-0.539711083828413	-1.1817399220286806	0.20849981107614582	-0.6066989732138571	0.4603498121502425	2.2348782637953013	-0.7704819734200167
Cytoplasmic Cyclin-Dependent Protein Kinase Holoenzyme Complex (2g)	-0.6447952680603102	0.5059647303841249	0.570145397259069	-0.8489631849736117	-0.194817160930893	-0.6046532502267883	0.024177449712563047	2.203756586435178	-1.0108152995993318
Extrinsic Component Of Postsynaptic Density Membrane (5g)	0.0451716091879321	0.79919234304018	0.4476727633243925	-0.9775940251118549	-0.08686277263822513	-0.9169074781287239	-0.6611323803439352	2.090489421611964	-0.7400294809417296
Cell Pole (2g)	-0.561830867595057	0.29396153053373536	0.13869942300191546	-0.4087811191435198	-0.2654882931303346	-0.4646746350612399	-0.6333851724346826	2.518576144789058	-0.6170770109598768
Extrinsic Component Of Postsynaptic Specialization Membrane (6g)	0.03529324649921168	0.8711656543830845	0.3275864082777306	-0.9824070464563391	-0.08099963321525216	-0.8970610690317179	-0.7387343556245048	2.0995162458441956	-0.6343594506764082
Asymmetric, Glutamatergic, Excitatory Synapse (6g)	-0.4176606097320412	0.37386049685338013	0.5424009637832364	-1.2155635442747634	-0.7734279548347629	0.28758733418467874	-0.9581842405059212	2.0754928948562235	0.08549465966996962
Interstitial Matrix (12g)	0.09052884788563913	1.2893765324971556	-1.0047848304001445	-1.571062920962582	-0.3323349090411252	0.22286673636585697	-0.36212908243617264	1.5985847186065354	0.06895490748483521
Mutsalpha Complex (2g)	0.03222870380149494	0.9148902242997163	-1.1760729660487772	-0.7000798552415086	0.04870460922181799	-0.43676023840836087	-0.41300195031006387	2.174314092189457	-0.4442226195037752
Distal Portion Of Axoneme (1g)	-0.40410118240398163	1.017044620374309	-0.2973601599363663	-1.2276220299213485	0.008614993742759846	-0.606888359251412	-0.45569349438647017	2.1445126571545616	-0.17850704537205067
Photoreceptor Outer Segment Membrane (15g)	-0.330898955051045	0.7884024668616515	-0.9384054590087033	-0.9831286013116404	-0.3800172054151476	-0.2219247636118761	0.6427273043807946	2.0904273872268333	-0.6671821740708743
Stereocilium Tip (19g)	0.30201302107170513	1.2963902997554095	-0.29147695497522963	-0.9365978216297626	0.1537344156534152	-0.3857128554560463	-1.4405100129045139	1.6928808091827912	-0.3907209006977673
Distal Dendrite (1g)	-0.1474409612567958	0.18765238449452898	-0.44252581331730995	-0.9384574990736343	-0.5670719848102915	-0.49812448754416366	0.10124663581421617	2.4997092835910197	-0.1949875578975686
Apical Distal Dendrite (1g)	-0.1474409612567958	0.18765238449452898	-0.44252581331730995	-0.9384574990736343	-0.5670719848102915	-0.49812448754416366	0.10124663581421617	2.4997092835910197	-0.1949875578975686
Mutsbeta Complex (2g)	-0.3098288682177363	0.3961209481027739	0.4378975887598141	-0.048315745371146246	-0.14603254927249226	-1.156633103054565	-0.17811627677696606	2.184303350913987	-1.1793953450836714
Extrinsic Component Of Presynaptic Active Zone Membrane (1g)	-0.3052303127108956	0.2558821021464925	-0.9180057620477411	-0.4579521742749684	-0.46669649057137513	-0.19393739835839466	-0.1798695435339112	2.5354359170490124	-0.2696263376982178
Radial Spoke Stalk (3g)	-0.09169114871321087	0.657645393976135	-1.432638768252174	-0.34641099230150146	-0.5967770365749707	0.1958664689117568	-0.7041102504556845	2.1102499022947057	0.20786643111494268
Primary Dendrite (2g)	-0.05899102895612967	0.011885817703044085	-1.0154346618643486	-1.0626813001672415	-0.3880734106025481	-0.4065552434043391	0.3604687803612838	2.3080236738437394	0.25135737308653905
Basal Dendrite (7g)	-0.07695154886282318	1.284701370699859	-1.4897453639245202	0.33112495744503967	-0.2903186268087699	-1.0897694122622323	-0.3309037397151592	1.6222475031211416	0.03961486030746615
Axonemal Central Pair Projection (1g)	-0.22498732171392102	1.0758675450878983	-1.1808952453271082	-0.7779980537764586	-0.4131626633921146	0.02232899827638739	-0.44515726109286896	2.0974246862108576	-0.15342068427267133
Keratin Filament (100g)	1.3096613887829391	-0.17174389015700156	-1.4003009692645874	-0.37437540672152253	-0.03361436450744595	0.7115821295236215	-0.3259069393346419	-1.1805399447972453	1.4652379964758848
Pituitary Gonadotropin Complex (2g)	0.9977847917490725	0.09560683810221218	-1.0634903826921416	-0.3140936150172417	-0.40796427586334444	-0.16960001870607846	-0.6330286959895223	-0.6760718037077349	2.170857162124779
Follicle-Stimulating Hormone Complex (2g)	0.9977847917490725	0.09560683810221218	-1.0634903826921416	-0.3140936150172417	-0.40796427586334444	-0.16960001870607846	-0.6330286959895223	-0.6760718037077349	2.170857162124779
Noc Complex (3g)	0.9131291654979621	-0.5949437548557971	-0.4226525691314781	-0.6433471593165226	0.10454269126356755	-0.04887242948701144	-0.07579157067696884	-1.3344299403483237	2.1023655670545733
Interleukin-12 Complex (2g)	0.7423991430364327	-0.06273412860368908	-1.3197228504939171	-0.6613961319820906	-0.11674958312289199	0.6918942313603642	-0.536501018188282	-0.726583837967288	1.9893941759613627
Noc4p-Nop14p Complex (2g)	1.0113094443374293	-0.415449490588913	-1.3766473822955752	-0.25742834427499867	0.1891797320690163	0.24577063507455926	-0.4417054926756678	-0.8927794647863609	1.9377503631405089
Keratohyalin Granule (4g)	1.0130615547217183	-0.36310316646084495	-0.12397384000210493	-0.32852838362810527	-1.1915201853652824	0.6992998404823461	-0.850246192950014	-0.7373380062980666	1.8823483795003537
Pi-Body (7g)	0.6263199225392578	0.2785110400524957	-0.2038463489021792	-1.1647896979497923	-1.2690344882872566	0.3182183057542205	-0.900306456828802	0.47549675879051806	1.8394309648315352
Cis-Golgi Network Membrane (5g)	0.9495701059092272	0.21206781978399916	-0.27462472271445626	-1.0954550441797062	-0.24027119661271978	0.5339047250735369	-0.31459715444048714	-1.5146888790193034	1.7440943461999074
Hyaluranon Cable (2g)	0.6507753295509621	0.34343617565882884	-1.5485010714453271	-0.7013082212672176	-0.05360762207257832	0.8272063207601733	-0.7166369178514073	-0.5517201345440307	1.7503561412105977
Subapical Complex (1g)	0.41246057343564	-0.4893397046866454	-1.2431788310191434	-0.6983170367172836	0.07723680115555745	0.1223940894542625	0.4418123154853288	-0.7936218370020548	2.170553629894339
Taste Receptor Complex (2g)	0.9456832010010597	-0.25563440936695014	-1.269656101740049	-1.004727729811208	0.07804623067110267	0.3103063879497741	0.29202455340479744	-0.9305188748368944	1.8344767427283686
Sweet Taste Receptor Complex (2g)	0.9456832010010597	-0.25563440936695014	-1.269656101740049	-1.004727729811208	0.07804623067110267	0.3103063879497741	0.29202455340479744	-0.9305188748368944	1.8344767427283686
Cytoskeletal Calyx (3g)	1.1522494896794067	-0.138550351130678	-1.5257178541727863	-0.20726538364488248	-0.40767778654614495	0.3452314064765935	0.14012350120890102	-1.0524227758842368	1.694029754013827
Toll-Like Receptor 1-Toll-Like Receptor 2 Protein Complex (2g)	0.7940976612137749	0.2801619774810494	-1.5731894406942002	-1.125976514416946	-0.1608902656589551	0.30298372197886697	0.262759797009006	-0.5339091705024807	1.7539622335898846
Mucus Layer (2g)	1.2164907487623546	-0.052326814668655214	-1.4377145647169467	-0.1740964943166742	0.013013338343385826	-0.236242466921931	-0.546121935048059	-0.68094033626974	1.8979385248362655
Microvesicle (4g)	0.948929686825798	0.22564989460076704	-0.019349566054799525	-0.8952548171868291	-0.6472792038910519	0.7118348689199869	-0.5726009878083297	-1.4511535689668527	1.699223693561311
Intracellular Canaliculus (1g)	0.6431916942686188	-0.520835859111209	-1.043883187027425	-0.7629559784273772	-0.08736991109421782	0.9840204479526861	-0.0588283570219538	-1.043883187027425	1.8905443374883035
Mitotic Spindle Astral Microtubule (8g)	0.7399444945577522	0.4403531764774657	1.0228137096583354	-0.42668668395195847	-1.0765898629830175	-0.40729681193331574	-0.6690178980079412	-1.2586484286259862	1.6351283048086624
Ciliary Inversin Compartment (1g)	0.31525781347911375	0.5784202873666078	-1.864770908166587	-0.6316533570555654	-0.5821261031793576	0.8113896167566058	-0.2078347344452879	-0.04569782684650503	1.6270152120909758
Hippocampal Mossy Fiber (3g)	0.22913937292544045	0.23990147362533543	-0.8849454975057757	0.6082990348362354	-0.5387121244769134	-0.9480759712395153	-1.190530021220921	0.5203321447646913	1.9645915882914187
Dentate Gyrus Mossy Fiber (4g)	0.27596780513372354	0.13438706123960883	-1.1975471631921764	1.0178019653911397	-0.5812540410914755	-0.4929457650770652	-1.3228868445212696	0.4675887564470912	1.6988882256704234
Hippocampal Mossy Fiber Expansion (2g)	0.7314141886300243	-0.06816408459283248	-1.836348148100644	-0.46983010524977065	0.47319458506802187	-0.16043199030462876	-0.4178370103039158	-0.10463968953691899	1.8526422543906658
Activin Complex (1g)	0.47693423778734945	-0.0870284564703302	-1.6504333963955506	-0.014425759157792796	0.2548606829423155	0.4408996385693992	-1.2341933535874021	0.008345703636139859	1.8050407026758726
Activin A Complex (1g)	0.47693423778734945	-0.0870284564703302	-1.6504333963955506	-0.014425759157792796	0.2548606829423155	0.4408996385693992	-1.2341933535874021	0.008345703636139859	1.8050407026758726
Cone Matrix Sheath (1g)	0.8485175936124492	-0.2577799848707357	-1.332714675581532	0.45848106456298393	0.198603629189782	-0.24695597050608106	-0.1590030100760949	-1.332714675581532	1.823566029250761
