"gene","p_val","avg_log2FC","pct.1","pct.2","p_val_adj","pct_diff"
"GZMH",1.012184104773e-62,4.42329604679453,0.234,0.015,3.35812320440537e-58,0.219
"AC243829.2",4.30006321101207e-75,3.45831887218046,0.363,0.065,1.42663197151747e-70,0.298
"AC139720.1",2.47820708033741e-40,-3.42989534452465,0.022,0.212,8.22194763043544e-36,-0.19
"DTHD1",9.014686979511e-57,3.14527870764989,0.309,0.061,2.99080269919236e-52,0.248
"CTSW",3.92944400307389e-34,2.99026239422497,0.215,0.052,1.30367163689983e-29,0.163
"TSHZ2",1.15952895510514e-44,-2.89411448355497,0.076,0.325,3.84696921435232e-40,-0.249
"NKG7",1.34898424053227e-37,2.81561406506053,0.22,0.04,4.4755250148139e-33,0.18
"GZMA",6.60949515253982e-37,2.73529387470853,0.26,0.073,2.19283220675813e-32,0.187
"LEF1",2.08031166768022e-93,-2.66254292531093,0.109,0.531,6.90185001986265e-89,-0.422
"AOAH",1.85109172903746e-152,2.4759317761377,0.781,0.317,6.14136702942757e-148,0.464
"SERINC5",3.11986122571553e-114,-2.3719021402288,0.216,0.68,1.03507635885564e-109,-0.464
"PTGDR",1.01616558366214e-40,2.35614137052633,0.316,0.108,3.37133255691587e-36,0.208
"TSPAN18",1.07558881358381e-30,-2.3272203369663,0.048,0.229,3.56848100682701e-26,-0.181
"DPP6",5.63848482096301e-26,-2.30234736213289,0.044,0.202,1.8706801090509e-21,-0.158
"KLRD1",3.4222643694076e-55,2.27361766642579,0.418,0.174,1.13540464983836e-50,0.244
"C1orf21",5.26482093984474e-28,2.17990181105641,0.257,0.105,1.74670964321229e-23,0.152
"KLRC4-KLRK1",3.95526406292988e-79,2.17471945539787,0.594,0.233,1.31223795815825e-74,0.361
"CCL5",5.76796108396017e-60,2.15498369710141,0.474,0.242,1.91363644882547e-55,0.232
"THOC3",3.98991408501327e-39,-2.14749473578254,0.078,0.314,1.32373379598485e-34,-0.236
"BTBD11",2.44232242026518e-43,-2.11575181749887,0.068,0.312,8.1028930937138e-39,-0.244
"TOX",6.89369694684173e-78,2.10075224664785,0.599,0.281,2.28712183605368e-73,0.318
"JAKMIP2",8.36192183323319e-27,2.06033493858158,0.27,0.109,2.77423480661178e-22,0.161
"IKZF2",1.37899040536872e-21,2.04987643980525,0.238,0.115,4.57507646789182e-17,0.123
"AC243829.1",9.81675640230296e-42,2.0498351118954,0.384,0.145,3.25690527159205e-37,0.239
"SH3RF3",5.99741038882882e-28,-2.03176576640992,0.079,0.269,1.98976084470174e-23,-0.19
"TIAM1",7.62581130877095e-31,-1.98023288484817,0.07,0.268,2.53001541791094e-26,-0.198
"PYHIN1",2.91245822020436e-56,1.95487162192001,0.479,0.233,9.66266263717202e-52,0.246
"CALN1",2.47912971773484e-27,-1.9498327470689,0.06,0.235,8.22500866452889e-23,-0.175
"ASIC2",1.62809699384669e-21,-1.92381978355366,0.065,0.218,5.40153739648517e-17,-0.153
"TRABD2A",2.45264521742426e-38,-1.89783878768484,0.066,0.29,8.13714103784847e-34,-0.224
"AC022075.1",8.06870961975401e-24,1.89712243108986,0.25,0.119,2.67695579054579e-19,0.131
"PDGFD",6.75378014868826e-21,1.89575814632211,0.24,0.106,2.2407016399303e-16,0.134
"OSBPL5",7.96800286765814e-22,1.86960901628888,0.249,0.117,2.64354431140294e-17,0.132
"KCNQ1",7.75209084640453e-36,-1.84535482068089,0.104,0.341,2.57191118011163e-31,-0.237
"SDK1",4.08523135183766e-19,-1.84111200454305,0.072,0.217,1.35535720559918e-14,-0.145
"RBFOX1",6.23465148658224e-40,-1.80301327021546,0.155,0.425,2.06847032370339e-35,-0.27
"GPC5",9.17001891137663e-22,-1.79976631367856,0.057,0.206,3.04233717422743e-17,-0.149
"DISC1",6.96237908553452e-35,-1.79857562717608,0.098,0.328,2.30990850920779e-30,-0.23
"EYS",8.31368071262189e-25,-1.79638381401862,0.062,0.228,2.75822985002656e-20,-0.166
"MAGI2",1.67376720895368e-19,-1.77775330481538,0.077,0.227,5.55305746914561e-15,-0.15
"AC010260.1",3.65757502401994e-39,-1.77396250511571,0.085,0.324,1.2134736657191e-34,-0.239
"RASGRF2",1.72880024400803e-48,-1.75359346876978,0.098,0.378,5.73564056954544e-44,-0.28
"KALRN",4.02909862194171e-18,-1.73205781078518,0.069,0.208,1.3367340498016e-13,-0.139
"IL7R",2.82260488715068e-99,-1.72666720165113,0.216,0.68,9.36455623409981e-95,-0.464
"MIAT",1.27072729024354e-21,1.71957808485372,0.276,0.145,4.21589193084098e-17,0.131
"GALNTL6",8.69627089748676e-18,-1.6989486689998,0.073,0.212,2.88516179565918e-13,-0.139
"CD4",1.11692861534234e-26,-1.6941799816492,0.052,0.215,3.70563406712127e-22,-0.163
"CD8A",8.19989384952459e-16,1.69258325912949,0.201,0.117,2.72047878245677e-11,0.084
"VAV3",1.91951976159112e-42,1.69241468764955,0.453,0.259,6.36839071303084e-38,0.194
"TRG-AS1",1.31448251953072e-31,1.68671936058735,0.389,0.233,4.36105865504707e-27,0.156
"ZEB2",2.87735282499606e-37,1.68571681065574,0.409,0.249,9.54619346748944e-33,0.16
"LPCAT1",2.95340932664427e-15,1.68561938480449,0.215,0.107,9.79852612300769e-11,0.108
"PRKCA",1.0211796707888e-78,-1.66459956035569,0.362,0.729,3.38796779377601e-74,-0.367
"RASGEF1B",3.99148923539032e-10,-1.64429781344743,0.165,0.289,1.32425638362545e-05,-0.124
"NELL2",6.40303746683972e-36,-1.63165384382712,0.091,0.322,2.12433574037341e-31,-0.231
"PPP2R2B",6.05953766081958e-38,1.6157159566991,0.44,0.274,2.01037280973011e-33,0.166
"MAN1C1",4.16190053926081e-28,-1.60801458719515,0.108,0.314,1.38079374191056e-23,-0.206
"PRKG1",2.02907283814178e-20,-1.58560932529895,0.076,0.229,6.73185495510299e-16,-0.153
"BACH2",8.50020981128653e-66,-1.5787777805735,0.24,0.618,2.82011460909053e-61,-0.378
"RUNX3",1.38718519775601e-39,1.56433499253776,0.484,0.294,4.60226433059511e-35,0.19
"LINC01320",6.01394584148396e-19,-1.55886715349905,0.074,0.22,1.99524681182913e-14,-0.146
"SAMD3",4.35240638016842e-64,1.5407376038967,0.626,0.376,1.44399786474848e-59,0.25
"INSR",7.91603860384915e-23,-1.52857286579377,0.104,0.284,2.62630412759903e-18,-0.18
"ROBO2",8.98057798455673e-17,-1.52771867111548,0.076,0.211,2.97948635793639e-12,-0.135
"PARD3B",1.23576280281524e-20,-1.52401190731054,0.1,0.267,4.09989025090011e-16,-0.167
"SLC16A10",1.21046886823657e-14,-1.52215053376758,0.085,0.213,4.01597256414845e-10,-0.128
"KANK1",2.00584703097599e-18,-1.51806563555378,0.085,0.233,6.65479869466905e-14,-0.148
"SLFN12L",4.39333150932651e-66,1.51630355285921,0.647,0.448,1.45757559484926e-61,0.199
"UBE2E2",2.1109850020995e-22,-1.51345088712449,0.111,0.291,7.00361494146551e-18,-0.18
"CASC15",7.11871411421289e-19,-1.51326457983986,0.066,0.207,2.36177578167241e-14,-0.141
"CERS6",4.58563157234924e-27,-1.51180903251799,0.094,0.288,1.52137498675831e-22,-0.194
"AF165147.1",9.23949187872325e-16,1.50589796057675,0.23,0.143,3.06538622060401e-11,0.087
"SAMD12",9.95788682965849e-24,-1.49266087908124,0.111,0.297,3.3037281134758e-19,-0.186
"ST6GALNAC3",4.78915778736421e-20,-1.47309787912094,0.113,0.282,1.58889887911383e-15,-0.169
"PTPRD",5.87008030133387e-21,-1.46469421038541,0.087,0.248,1.94751654157354e-16,-0.161
"KIAA1217",3.14472535804846e-20,-1.45850539801151,0.073,0.222,1.04332553203974e-15,-0.149
"BIRC3",6.34951459053923e-16,-1.45637205846304,0.083,0.218,2.1065784557032e-11,-0.135
"CACNA1A",9.37281182052533e-21,-1.45327028671792,0.076,0.23,3.10961777769569e-16,-0.154
"RETREG1",3.4294645594806e-24,-1.44911498986471,0.098,0.28,1.13779345689888e-19,-0.182
"CNTNAP2",1.21142884974891e-28,-1.44282830102169,0.156,0.382,4.01915749481195e-24,-0.226
"LINC00944",8.69328674066561e-15,1.42903191759757,0.23,0.145,2.88417174195063e-10,0.085
"KCNIP4",6.09075561624739e-17,-1.42544180786714,0.102,0.25,2.0207299908024e-12,-0.148
"MACROD2",2.81250989154528e-25,-1.42233423679272,0.118,0.315,9.33106406717976e-21,-0.197
"CYTOR",5.09362532735115e-18,1.41569246591626,0.29,0.178,1.68991207485529e-13,0.112
"CSMD1",4.45738809682539e-22,-1.37878486108755,0.104,0.279,1.47882764888376e-17,-0.175
"SYNE1",2.20137907204236e-57,1.37324823530853,0.633,0.482,7.30351534731495e-53,0.151
"KIF13A",1.51007422702223e-15,-1.37252490920417,0.081,0.211,5.00997326299164e-11,-0.13
"MCTP2",1.18055943466788e-24,1.36986384068351,0.382,0.254,3.91674203639761e-20,0.128
"SFMBT1",6.56654615214485e-36,-1.35100503312027,0.126,0.371,2.1785830168971e-31,-0.245
"PCDH15",4.65095329815596e-23,-1.34795307315762,0.062,0.217,1.5430467757292e-18,-0.155
"KLHL6",1.19746294236092e-24,-1.34616329907588,0.066,0.229,3.97282280387081e-20,-0.163
"PIK3AP1",2.88967883889449e-10,1.34469317750493,0.21,0.135,9.58708748380023e-06,0.075
"YPEL1",1.12430299220305e-19,1.33961592815819,0.333,0.197,3.73010003723207e-15,0.136
"LRP1B",7.42745112106412e-20,-1.31093566591258,0.116,0.285,2.46420545843544e-15,-0.169
"FHIT",1.29114870265742e-27,-1.30923075053885,0.169,0.395,4.28364405080651e-23,-0.226
"AC098650.1",3.21603175666182e-21,-1.30751677511576,0.102,0.27,1.06698285590769e-16,-0.168
"MAGI1",2.65678797588662e-15,-1.30650827310959,0.091,0.225,8.81442546759904e-11,-0.134
"MFHAS1",1.43084304911858e-24,-1.30554462663637,0.064,0.225,4.74710798406072e-20,-0.161
"ATP8A1",5.67939271753588e-31,1.29739619176808,0.477,0.326,1.88425212189688e-26,0.151
"ITGA4",2.64651421855641e-23,1.29329433242736,0.383,0.262,8.78034022290461e-19,0.121
"SYTL2",4.40870510304153e-15,1.29239901303457,0.27,0.168,1.46267609203609e-10,0.102
"LDLRAP1",4.80809510755879e-29,-1.29119298484607,0.137,0.356,1.59518171383478e-24,-0.219
"CTNNA3",3.63103320953492e-19,-1.27786522795745,0.079,0.227,1.2046678879274e-14,-0.148
"TCF7",2.01195574020895e-32,-1.27577110045821,0.168,0.415,6.67506555929123e-28,-0.247
"DST",8.16696677526989e-16,-1.27415714960074,0.083,0.216,2.70955456703129e-11,-0.133
"RUNX2",9.59944837625076e-44,-1.27241267757363,0.202,0.503,3.18480898778871e-39,-0.301
"ZFYVE9",5.0657829489674e-19,-1.26899369316191,0.077,0.221,1.68067480897891e-14,-0.144
"C4orf50",4.46404934642447e-11,1.26317826446333,0.241,0.147,1.48103765166325e-06,0.094
"TGFBR3",4.10777852487155e-23,1.24603399376579,0.366,0.269,1.36283768119663e-18,0.097
"SLCO2B1",2.14617908797635e-12,-1.2439217121845,0.105,0.229,7.12037836017914e-08,-0.124
"TXK",1.75033210321241e-45,-1.24368679655199,0.22,0.531,5.8070768188278e-41,-0.311
"GNG7",4.71069062027697e-21,-1.24294342989624,0.189,0.385,1.56286582708929e-16,-0.196
"TPST1",1.5817279617582e-09,-1.24293394406561,0.099,0.202,5.24769885872519e-05,-0.103
"EGLN3",2.13485951644345e-16,-1.23468743618417,0.074,0.204,7.08282341770442e-12,-0.13
"SOX5",3.68093071056381e-17,-1.23229106747792,0.113,0.267,1.22122238184375e-12,-0.154
"CSGALNACT1",8.33499745814244e-23,-1.22598353308764,0.191,0.397,2.76530210668792e-18,-0.206
"TGFBR1",1.59958152454122e-09,1.21816077136044,0.215,0.137,5.30693162397042e-05,0.078
"FP236383.1",2.1744646417246e-12,-1.20044079708011,0.259,0.415,7.21422134184971e-08,-0.156
"RASSF1",1.55310652614492e-18,1.19801244793215,0.345,0.276,5.152741521791e-14,0.069
"CAMK4",9.57715238341736e-49,-1.1979152847945,0.289,0.616,3.17741184624638e-44,-0.327
"ITGB2",4.06139431037808e-18,1.19612017504245,0.355,0.256,1.34744879035413e-13,0.099
"SUGCT",6.43757039396404e-20,-1.19359967205927,0.072,0.217,2.13579272960545e-15,-0.145
"ST8SIA4",6.07784040510277e-15,1.19028861473713,0.315,0.217,2.01644511120095e-10,0.098
"IGF1R",6.1470794192891e-21,-1.1780088852451,0.137,0.319,2.03941653893755e-16,-0.182
"TPCN1",3.50467801004501e-16,-1.17568611133869,0.118,0.268,1.16274702339263e-11,-0.15
"HLA-B",1.16014086541285e-44,1.16863755130473,0.573,0.493,3.84899934918022e-40,0.08
"SLAMF6",1.05969374849027e-22,1.16823212383138,0.43,0.299,3.51574594936618e-18,0.131
"GFOD1",2.9437784473273e-14,1.16312003761036,0.272,0.2,9.76657375469777e-10,0.072
"LLGL2",2.26720863178585e-10,1.16048576104475,0.208,0.164,7.52191807767592e-06,0.044
"SLC7A6",5.74056763105547e-30,-1.15840807015264,0.165,0.398,1.90454812295527e-25,-0.233
"NDFIP1",8.9235812492862e-24,-1.15408215622707,0.202,0.416,2.96057655107568e-19,-0.214
"PTPN22",2.86206049159341e-13,1.14940691967559,0.326,0.219,9.49545809295945e-09,0.107
"TSNAX-DISC1",9.49161132057205e-14,-1.14750961361727,0.095,0.222,3.14903188782619e-09,-0.127
"CCSER1",9.41538150982548e-16,-1.14655075906911,0.112,0.257,3.1237411235148e-11,-0.145
"HLA-A",4.8414787262109e-30,1.14413497351441,0.525,0.401,1.60625739699499e-25,0.124
"AGTPBP1",9.67148238933473e-22,1.13904025772857,0.427,0.314,3.20870771230958e-17,0.113
"ITGB2-AS1",4.62813305675979e-09,1.13481881115835,0.22,0.158,0.00015354757042412,0.062
"SNX9",3.95839065067629e-29,-1.13046402615247,0.129,0.343,1.31327526617487e-24,-0.214
"SYN3",5.62069923201111e-16,-1.12040294795273,0.099,0.238,1.86477938420433e-11,-0.139
"CORO1B",2.05050603531284e-10,1.1200957038211,0.211,0.163,6.8029638733574e-06,0.048
"FRY",5.8742907895225e-13,-1.11988999232424,0.103,0.228,1.94891345523988e-08,-0.125
"CDH13",5.3246967886165e-17,-1.11343693106665,0.092,0.235,1.7665746535593e-12,-0.143
"ARHGAP26",3.78063127381804e-43,1.11127286322309,0.66,0.506,1.25430003771461e-38,0.154
"GAB3",3.45727144432834e-08,1.10558890031603,0.21,0.153,0.00114701894708481,0.057
"PRKN",3.42341996426663e-38,-1.10554782884641,0.262,0.551,1.13578804154474e-33,-0.289
"PTPRG",1.8990796060055e-21,-1.10500612341401,0.165,0.359,6.30057640884445e-17,-0.194
"LYST",2.8055915624961e-24,1.10498489765009,0.452,0.366,9.30811112689332e-20,0.086
"MMP25-AS1",8.08246360819247e-10,1.09904873393001,0.204,0.17,2.68151895129001e-05,0.034
"SESN3",2.14314068785756e-12,-1.09683131529214,0.096,0.215,7.11029786010502e-08,-0.119
"PSMA1",1.60275140108305e-20,-1.09632221441841,0.133,0.31,5.31744832337324e-16,-0.177
"TMEM132C",6.67845180112459e-16,-1.08837335500699,0.079,0.208,2.21570995405910e-11,-0.129
"CBLB",1.70002582173797e-45,1.08833680304114,0.717,0.605,5.64017566878008e-41,0.112
"ARHGAP24",2.06303785770405e-14,-1.08767005380492,0.15,0.299,6.84454070050474e-10,-0.149
"HLA-F",4.29990896962824e-21,1.08561942657363,0.393,0.319,1.42658079885356e-16,0.074
"ZFHX3",3.50240945452278e-25,-1.07723795447172,0.15,0.354,1.16199438472702e-20,-0.204
"BANK1",3.86972821233119e-17,-1.07564488297142,0.159,0.327,1.28385972900512e-12,-0.168
"HLA-C",1.12325306582446e-15,1.07022958835326,0.329,0.247,3.7266166964858e-11,0.082
"KLRG1",7.98490367252244e-12,1.06064979542049,0.258,0.199,2.64915149143277e-07,0.059
"DMD",9.8264904578796e-20,-1.05291050974149,0.168,0.351,3.26013473921072e-15,-0.183
"CHST12",1.45044236882395e-08,1.04148740320272,0.255,0.181,0.000481213264704721,0.074
"PZP",9.42584458227622e-13,1.04068523456575,0.264,0.204,3.12721245706178e-08,0.06
"DNAJC1",2.55758279444972e-19,1.04001101042728,0.449,0.337,8.48529243714585e-15,0.112
"BICDL1",7.08389669954019e-09,1.03764924350342,0.201,0.166,0.000235022440800645,0.035
"EBF1",1.94230495295692e-24,-1.03580948719141,0.194,0.407,6.44398514242516e-20,-0.213
"DLG2",2.92480903781921e-21,-1.03395591349583,0.163,0.353,9.70363894477278e-17,-0.19
"NEK7",4.04526441955076e-19,1.02940305118472,0.35,0.31,1.34209737647436e-14,0.04
"NRXN3",7.87075065723819e-14,-1.02893367692984,0.125,0.263,2.61127894555191e-09,-0.138
"FGD4",2.24456247066649e-15,-1.02766741384627,0.096,0.229,7.44678490893021e-11,-0.133
"SNTB1",1.91421299522065e-11,1.02688874943737,0.276,0.215,6.35078445424354e-07,0.061
"GTDC1",4.3073563413274e-12,1.02323893650186,0.35,0.262,1.42905161336219e-07,0.088
"CD3G",2.40292206353572e-11,1.02085330328451,0.25,0.202,7.97217453019245e-07,0.048
"B2M",5.4386770811795e-43,1.01881535717607,0.688,0.636,1.80438989522292e-38,0.0519999999999999
"AC124319.2",4.34198252270049e-09,1.01510027013055,0.207,0.183,0.000144053954155634,0.024
"RNF166",2.00692956001383e-12,1.01321832617881,0.28,0.216,6.6583902012579e-08,0.064
"RCAN3",9.10601513505798e-22,-1.00869586039687,0.108,0.277,3.02110264135818e-17,-0.169
"PTPRC",2.6911677829331e-63,1.00801450841977,0.812,0.696,8.92848735343715e-59,0.116
"CD2",6.85447804899803e-17,1.00572452529089,0.357,0.292,2.27411018231608e-12,0.065
"IFI16",7.13438061741638e-14,1.00424579836201,0.309,0.24,2.36697345744023e-09,0.069
"PLXDC2",2.84494521885812e-14,-0.99883866984706,0.147,0.293,9.43867475260558e-10,-0.146
"IGHM",2.76133173714454e-08,-0.995926664810888,0.112,0.21,0.000916127030432443,-0.098
"COL19A1",4.53156662332262e-13,-0.994815743542648,0.139,0.276,1.50343785861975e-08,-0.137
"PIP4K2A",2.43888737310421e-61,0.991392790173681,0.806,0.725,8.09149663774784e-57,0.0810000000000001
"INPP5A",1.54364023146133e-14,-0.987053030509581,0.092,0.221,5.12133519591925e-10,-0.129
"FMN1",9.21605854626805e-23,-0.97887392224319,0.156,0.351,3.05761174389535e-18,-0.195
"NBEAL2",5.34508318092171e-07,0.978787013242646,0.211,0.151,0.017733382469344,0.06
"IFNGR2",5.13924172086233e-13,-0.977146870530176,0.125,0.256,1.7050462257305e-08,-0.131
"CDK14",1.00179435138099e-11,-0.976645352028137,0.107,0.225,3.3236531195767e-07,-0.118
"GNG2",2.29659564458916e-18,0.974384334859578,0.423,0.353,7.61941537005345e-14,0.07
"ADGRE5",1.1314195112857e-17,0.972858089293187,0.432,0.348,3.75371051259256e-13,0.084
"LRMDA",1.39569089505778e-16,-0.971635251688384,0.174,0.342,4.63048368253319e-12,-0.168
"TTC28",4.12504441723599e-17,-0.971528292915677,0.1,0.246,1.36856598630638e-12,-0.146
"MAPK1",5.31742352679898e-24,0.96958268933174,0.51,0.415,1.7641616034861e-19,0.095
"PVT1",5.0267069078621e-30,-0.961403270615618,0.186,0.425,1.66771055082141e-25,-0.239
"PCSK5",7.57419338567052e-13,-0.958506973603576,0.12,0.248,2.51289013956391e-08,-0.128
"RALGPS2",1.81091445243159e-18,-0.957996865946627,0.16,0.334,6.0080708788323e-14,-0.174
"SPON2",1.91670183276766e-11,0.954849023826288,0.326,0.235,6.35904167057326e-07,0.091
"SORBS1",1.19432630481399e-11,-0.954178633313906,0.1,0.215,3.96241638148139e-07,-0.115
"PARD3",3.27236435197639e-13,-0.949170740116921,0.115,0.242,1.08567232105521e-08,-0.127
"RBM47",5.76828101038908e-14,-0.948911955034567,0.124,0.261,1.91374259081678e-09,-0.137
"ARHGAP35",1.9116204027097e-13,0.948372128677641,0.35,0.28,6.34218301006996e-09,0.07
"PDE3B",1.35445757513577e-41,-0.947169938552004,0.323,0.629,4.49368389702793e-37,-0.306
"APBB2",3.74954233831242e-11,-0.946637940649526,0.113,0.228,1.24398566158191e-06,-0.115
"CYTH4",1.47563478077711e-11,0.942072161826172,0.276,0.234,4.89571351218422e-07,0.042
"ABLIM1",5.24085249973453e-19,-0.937653256349332,0.202,0.39,1.73875763383693e-14,-0.188
"DLC1",1.82913083408728e-12,-0.935490489508129,0.134,0.263,6.06850736825138e-08,-0.129
"SRSF7",4.57264692613564e-09,0.935028075656902,0.206,0.178,0.000151706707068402,0.028
"STK39",6.52323288748087e-20,0.931718103964841,0.454,0.379,2.16421297507953e-15,0.075
"NCALD",7.29402213239808e-13,0.931587418290847,0.365,0.288,2.41993772286571e-08,0.077
"FAM117B",5.80393444292751e-13,-0.930514946240155,0.134,0.269,1.92557133013006e-08,-0.135
"LMBR1",1.41721348238395e-22,-0.912436658522604,0.216,0.427,4.70188917050524e-18,-0.211
"NAV2",1.30367058048213e-18,-0.910989522447933,0.159,0.333,4.32518788486555e-14,-0.174
"PAM",1.11074100523221e-18,0.909494230982076,0.384,0.334,3.6851054330589e-14,0.05
"PRKACB",5.41554794433029e-10,0.905067943220332,0.275,0.235,1.79671634149046e-05,0.04
"CARMIL1",1.47146062509561e-14,-0.903301907175546,0.115,0.251,4.88186491587969e-10,-0.136
"TTC13",6.65525296808021e-09,0.901242097599917,0.232,0.204,0.000220801327721997,0.028
"AFF3",7.19488576013269e-31,-0.900455226127872,0.327,0.59,2.38704724863922e-26,-0.263
"FYN",1.04814203271943e-40,0.897985473453156,0.796,0.721,3.47742082195327e-36,0.0750000000000001
"DOCK4",6.94689600125039e-10,-0.897485471755383,0.13,0.243,2.30477168633484e-05,-0.113
"ANK3",6.78285586362892e-28,-0.894885930630916,0.376,0.616,2.25034808987617e-23,-0.24
"AC009554.1",1.93201749843229e-08,0.893416484968692,0.225,0.198,0.000640985445454881,0.027
"FAM129A",1.91714270552729e-14,0.890374792650437,0.448,0.358,6.36050435412788e-10,0.09
"TNS3",4.45099964731557e-10,-0.889956760390775,0.146,0.265,1.47670815298989e-05,-0.119
"DENND1B",4.59485541163944e-14,0.889482341974475,0.306,0.283,1.52443517991962e-09,0.023
"LINC01550",6.70459209636641e-17,-0.888829087318642,0.098,0.235,2.22438251981148e-12,-0.137
"KCNMA1",1.5776621823921e-11,-0.887823617378388,0.146,0.274,5.23420982252226e-07,-0.128
"MIR4435-2HG",3.14876534935439e-08,0.887451082627002,0.255,0.199,0.00104466587995531,0.056
"RCOR1",5.85121866264675e-12,-0.886607241681404,0.145,0.276,1.94125881570631e-07,-0.131
"RAB27A",9.74989065734204e-13,0.884605091970885,0.354,0.284,3.23472122338637e-08,0.07
"SLC7A6OS",1.02965277126774e-14,-0.884088062030166,0.147,0.296,3.41607899923499e-10,-0.149
"DIP2C",1.95782842469231e-13,-0.881613737576924,0.099,0.223,6.49548736460167e-09,-0.124
"PDZD2",2.44234483319216e-10,-0.880768936504527,0.16,0.284,8.10296745308163e-06,-0.124
"ARAP2",2.5351434109277e-17,0.880671281070649,0.383,0.331,8.41084529443483e-13,0.052
"RABGAP1L",2.60467217714284e-47,0.878651408343123,0.829,0.76,8.64152088210679e-43,0.069
"SYTL3",1.0588558000673e-28,0.877464902147707,0.655,0.589,3.51296588788329e-24,0.0660000000000001
"RAB31",6.21363450629797e-12,-0.875450247078895,0.15,0.281,2.06149752015448e-07,-0.131
"AC008878.3",2.33766006030975e-34,-0.873410318911409,0.46,0.722,7.75565478208966e-30,-0.262
"RFX3-AS1",1.47497521936315e-11,0.869330898901834,0.264,0.238,4.89352528528113e-07,0.026
"KAZN",8.78026733798183e-19,-0.863046543952165,0.223,0.413,2.91302929472223e-14,-0.19
"JAZF1",1.58623845386134e-17,0.863011978372402,0.482,0.395,5.26266331837576e-13,0.087
"SH3D19",4.99518898631392e-12,-0.862446632841185,0.122,0.246,1.65725384998937e-07,-0.124
"ACTN4",7.0377213265806e-12,0.861812589614723,0.374,0.299,2.33490480451964e-07,0.075
"GPRIN3",6.16915749256596e-13,0.858717250649319,0.259,0.248,2.04674138130861e-08,0.011
"AC004593.3",5.17322775627782e-13,0.858503010957215,0.254,0.246,1.71632177270029e-08,0.00800000000000001
"PPP2R5C",2.60179720712881e-35,0.854834769716165,0.703,0.639,8.63198259409126e-31,0.0639999999999999
"A2M",6.60756610046129e-10,0.848333887478525,0.232,0.197,2.19219220515004e-05,0.035
"TNFSF8",5.90549482772482e-19,-0.846888389421269,0.146,0.316,1.95926601899426e-14,-0.17
"BTN3A2",3.05361560044027e-11,0.84573869281354,0.29,0.263,1.01309804775807e-06,0.027
"PALM2-AKAP2",1.43162540419227e-06,-0.843915006890933,0.118,0.204,0.0474970360348869,-0.086
"RGS6",6.79510237561606e-09,-0.842276155523405,0.104,0.202,0.000225441111515814,-0.098
"GLCCI1",1.78530658641788e-11,0.833560995954244,0.329,0.282,5.9231116617586e-07,0.047
"OSBPL3",3.33031101633007e-13,0.830397726180239,0.302,0.279,1.10489728588783e-08,0.023
"ZBTB38",5.34324380624446e-10,0.828333666910348,0.285,0.249,1.77272799759772e-05,0.036
"PARP8",3.54397776187412e-44,0.826442882584291,0.827,0.724,1.17578550205698e-39,0.103
"FBXO32",6.01656786534175e-16,-0.824720813627141,0.086,0.212,1.99611672068443e-11,-0.126
"THEM4",9.9265232895253e-19,-0.822229348606387,0.122,0.275,3.29332263176581e-14,-0.153
"ATP10A",1.64182371930263e-17,-0.821516427948904,0.182,0.355,5.44707855353033e-13,-0.173
"BTN3A1",2.57337964792835e-08,0.820436665307355,0.28,0.226,0.000853770165793189,0.054
"USP24",5.43256274672415e-12,0.818895365658388,0.328,0.298,1.80236134248067e-07,0.03
"HIVEP3",3.04767439257651e-18,0.818229385572398,0.376,0.371,1.01112693322511e-13,0.005
"SSBP2",1.1952045844196e-17,-0.814218636560128,0.217,0.4,3.96533024972891e-13,-0.183
"MIR99AHG",2.30889331672375e-10,-0.813589380772793,0.102,0.206,7.66021535689439e-06,-0.104
"RASGRP2",3.51267836700935e-21,-0.812972060558205,0.254,0.462,1.16540130182269e-16,-0.208
"ATXN1",1.2749038767706e-30,0.812052915286796,0.72,0.633,4.22974859196183e-26,0.087
"FAM49B",3.16843260955796e-27,0.811192131267693,0.682,0.607,1.05119088687304e-22,0.0750000000000001
"SFMBT2",2.19323122703712e-22,0.81060507760143,0.572,0.515,7.27648324194106e-18,0.0569999999999999
"LARGE1",4.55367625110016e-18,-0.809119671833743,0.164,0.334,1.5107731698275e-13,-0.17
"TMEM123",2.78647198195806e-11,-0.802553878990752,0.112,0.228,9.24467809454227e-07,-0.116
"ZBTB16",1.96013239875013e-31,-0.800063344536203,0.445,0.702,6.50313125933331e-27,-0.257
"MAML3",5.34242619329746e-12,-0.799694195452282,0.126,0.251,1.7724567381503e-07,-0.125
"DGKA",6.1295391643688e-25,-0.798784968631295,0.167,0.369,2.03359720856264e-20,-0.202
"CDK6",1.46997485493994e-10,0.797498632142041,0.221,0.218,4.87693557623423e-06,0.003
"CLNS1A",2.56282814962686e-11,-0.796301174770471,0.117,0.234,8.50269495201704e-07,-0.117
"ITGAL",2.18455140957171e-25,0.79563209512349,0.579,0.52,7.24768621153605e-21,0.0589999999999999
"MARCH1",4.21758626453971e-13,-0.793484646331345,0.112,0.238,1.39926859498634e-08,-0.126
"CYBA",1.22640035836571e-12,0.792879386339689,0.333,0.284,4.06882846894991e-08,0.049
"ITGA6",2.4276860793902e-25,-0.789203279682959,0.099,0.268,8.05433410559286e-21,-0.169
"SVIL",2.62571416177814e-23,-0.787693563598876,0.173,0.371,8.71133187453133e-19,-0.198
"ARRDC2",3.85364824896582e-14,-0.783865306879339,0.095,0.217,1.27852487955939e-09,-0.122
"NFATC2",3.89332287119569e-20,0.782607457313498,0.447,0.397,1.29168772897659e-15,0.05
"LCP1",5.34952091449777e-16,0.7796947508,0.361,0.33,1.77481055380292e-11,0.031
"MYO1F",7.03727416347203e-23,0.7782677170955,0.564,0.505,2.33475644921511e-18,0.0589999999999999
"FMNL2",4.95055395957347e-12,-0.777897421002102,0.103,0.215,1.64244528716769e-07,-0.112
"RIN3",4.36112825482407e-11,0.777694883527488,0.363,0.337,1.44689152110298e-06,0.026
"IKZF3",1.9682087098962e-21,0.777058386870195,0.568,0.513,6.52992603682264e-17,0.0549999999999999
"DIP2A",6.44553647143957e-19,0.776974160632279,0.479,0.428,2.13843563512951e-14,0.051
"ACACB",3.28886735688392e-14,-0.774146362501728,0.29,0.461,1.09114752299338e-09,-0.171
"LINGO1",3.46602620817897e-10,-0.774063531031573,0.259,0.398,1.14992351508754e-05,-0.139
"DIRC3",4.77997492888246e-16,-0.772716820693407,0.146,0.301,1.58585228215533e-11,-0.155
"PTP4A2",1.10522927303097e-07,0.767242000906072,0.232,0.205,0.00366681915913483,0.027
"PPP1R16B",2.57464597229366e-13,0.767142682520975,0.375,0.371,8.54190294227868e-09,0.004
"MGAT5",9.07871159418124e-26,-0.766404555332328,0.397,0.634,3.01204414560151e-21,-0.237
"GNAQ",1.03141760455318e-22,-0.762197254131915,0.242,0.458,3.42193418662607e-18,-0.216
"CMC1",2.00457893612459e-07,0.76146029614687,0.228,0.21,0.00665059153638055,0.018
"ADCY7",4.15101464837629e-08,0.761001276000403,0.266,0.234,0.0013771821298918,0.032
"TMEM181",4.40701563136209e-14,0.760482526068352,0.389,0.361,1.462115576017e-09,0.028
"NPC1",8.36684489321537e-11,0.758983639763745,0.273,0.256,2.77586813022206e-06,0.017
"NAALADL2",2.08485558826754e-13,-0.75874175283893,0.103,0.224,6.91692538519523e-09,-0.121
"AL117381.1",9.0814424084431e-09,0.751728970594931,0.225,0.222,0.000301295014784917,0.003
"DUSP16",4.34839158604863e-15,-0.74944660845322,0.138,0.282,1.44266587650335e-10,-0.144
"IL10RA",2.94191713340147e-07,0.745786182760361,0.203,0.194,0.00976039847348606,0.00900000000000001
"LINC01934",1.36115638800752e-13,0.744967879802647,0.447,0.415,4.51590854849254e-09,0.032
"SIDT1",6.05581701834604e-15,0.744289721176287,0.352,0.351,2.00913841217666e-10,0.001
"RASAL3",3.28187591543249e-10,0.741322449397015,0.306,0.273,1.08882797246304e-05,0.033
"GNPTAB",5.44162407441428e-07,0.735284880993487,0.234,0.214,0.0180536761916843,0.02
"MYO1E",1.86054140102609e-10,-0.731260845973171,0.103,0.204,6.17271820618425e-06,-0.101
"PPARG",1.33337383506701e-13,-0.730876529289324,0.148,0.282,4.42373437260181e-09,-0.134
"ITSN1",5.05067723957528e-13,-0.728701544551966,0.128,0.256,1.67566318777389e-08,-0.128
"GALNT11",2.36179507827706e-07,0.727466664134559,0.253,0.225,0.00783572753119979,0.028
"RAB8B",8.90884481351143e-09,0.727421038662815,0.324,0.299,0.000295568744377869,0.025
"TARSL2",3.59646155787055e-14,-0.725423793482515,0.15,0.291,1.19319805105471e-09,-0.141
"ZFYVE28",5.11131030183003e-09,0.722912148461035,0.311,0.272,0.000169577941883815,0.039
"RPS6KA2",1.86532765763448e-15,-0.716864456724894,0.134,0.274,6.18859756973391e-11,-0.14
"STAT4",8.71957575403104e-17,0.715653785120484,0.569,0.508,2.89289364791488e-12,0.0609999999999999
"IQGAP1",3.97326408400389e-11,0.71353777253264,0.406,0.35,1.31820982514997e-06,0.056
"OSBPL10",3.7346137330176e-12,-0.710916993517227,0.191,0.334,1.23903279820325e-07,-0.143
"PICALM",1.61823303701719e-18,0.710159150201988,0.57,0.521,5.36881174691192e-14,0.0489999999999999
"NCOA2",3.80189690915286e-19,0.705429681987531,0.518,0.477,1.26135533754964e-14,0.041
"NLRC5",5.60985074512984e-14,0.703293448058448,0.5,0.446,1.86118018171173e-09,0.054
"TTC19",3.24100593650313e-14,0.701194408177963,0.215,0.249,1.07526853955364e-09,-0.034
"TMEM131L",1.40376088043627e-25,-0.70028763014017,0.387,0.626,4.65725747302342e-21,-0.239
"IGKC",1.37011540064233e-10,-0.698229646188184,0.314,0.459,4.54563186471106e-06,-0.145
"PAXX",4.50441344187931e-07,0.697867173318708,0.228,0.204,0.014944292476123,0.024
"HLA-E",1.55440407425056e-21,0.697816947611392,0.595,0.567,5.15704639714108e-17,0.028
"LITAF",2.32443308187525e-09,0.697199673095753,0.309,0.283,7.71177163573751e-05,0.026
"ITCH",1.38767685381052e-15,0.69628933325296,0.445,0.416,4.60389549788715e-11,0.029
"IQGAP2",2.4974880201707e-28,0.693844956152329,0.651,0.618,8.28591600452035e-24,0.033
"RBMS1",1.9665887290569e-19,-0.693763599598762,0.439,0.637,6.52455142639209e-15,-0.198
"MRC1",7.4167031471218e-07,-0.693023790926215,0.148,0.241,0.024606396031206,-0.093
"SKAP1",1.73671266655137e-35,0.692492476726004,0.845,0.807,5.76189161381747e-31,0.0379999999999999
"EPS15",1.17400151223438e-17,0.690014369060579,0.49,0.474,3.89498481714002e-13,0.016
"MBP",8.74208478319586e-17,0.685278718971272,0.483,0.463,2.90036146852089e-12,0.02
"TTC39B",1.5760915446487e-07,0.684865049002043,0.273,0.257,0.00522899891768101,0.016
"RTN4",2.78812731237626e-08,0.684475921836039,0.21,0.208,0.00092501699842707,0.002
"NCKAP1L",7.94705220132826e-10,0.683451025476495,0.225,0.238,2.63659350883468e-05,-0.013
"ZYG11B",2.06148210721485e-09,-0.682028619073594,0.107,0.205,6.83937918710672e-05,-0.098
"AL645568.1",1.59841088801407e-07,0.678652066354226,0.212,0.211,0.00530304780316427,0.001
"AC245297.3",2.59896761315779e-16,0.675483841209843,0.5,0.461,8.6225948501736e-12,0.039
"CNST",3.29547493966301e-17,-0.674322307017518,0.184,0.349,1.093339720732e-12,-0.165
"GHR",8.41594526667953e-10,-0.674269661781964,0.164,0.279,2.79215816112627e-05,-0.115
"PRPF6",5.56077698653211e-11,-0.673945291269774,0.1,0.204,1.84489898082176e-06,-0.104
"FRMD4B",2.79923280035158e-14,-0.671468238334492,0.158,0.297,9.28701466172643e-10,-0.139
"HNRNPL",9.3651454054193e-12,0.670267593715126,0.223,0.243,3.10707429115596e-07,-0.02
"CEMIP2",7.27340028854033e-10,0.669584770297948,0.426,0.41,2.41309601372903e-05,0.016
"TNFRSF1B",9.26412662287774e-11,0.6694980721423,0.367,0.346,3.07355928967215e-06,0.021
"ECE1",3.94781798096776e-10,-0.668287573073371,0.177,0.301,1.30976757154567e-05,-0.124
"PREX1",2.68356742258922e-17,0.667441334435514,0.482,0.46,8.90327163792426e-13,0.022
"ZAP70",5.37957361518618e-08,0.666043318346491,0.223,0.221,0.00178478113831032,0.002
"PFKFB3",3.24289800092498e-13,-0.66564629132532,0.203,0.353,1.07589626976688e-08,-0.15
"ZNF331",3.5485555090543e-10,-0.663375887505358,0.104,0.205,1.17730426123894e-05,-0.101
"AC116366.3",1.31815455028769e-11,0.660596316732232,0.359,0.341,4.37324135148946e-07,0.018
"GPATCH8",4.98081649996494e-23,0.660581885278554,0.582,0.569,1.65248549019337e-18,0.013
"PDE4D",1.73141820088353e-14,-0.660452656199325,0.236,0.4,5.74432616507127e-10,-0.164
"NUTM2B-AS1",2.87761743745386e-09,0.660097555743877,0.284,0.264,9.54707137224067e-05,0.02
"ASTN2",3.24389925357725e-10,-0.657477598519037,0.122,0.232,1.07622845535932e-05,-0.11
"UTRN",2.96811800043694e-25,0.651772772842442,0.734,0.694,9.84732509004963e-21,0.04
"PRKCH",6.79928686204098e-28,0.644697049792761,0.809,0.798,2.25579940221934e-23,0.011
"RNF125",1.26711256455899e-08,0.643214883864271,0.362,0.334,0.000420389935543736,0.028
"CDK17",3.65539744980833e-12,0.641788507878973,0.406,0.377,1.21275121192291e-07,0.029
"STIM2",4.54380860317451e-10,0.639860773695518,0.339,0.335,1.50749938027521e-05,0.004
"LINC00623",3.455577247643e-11,0.635087201773597,0.299,0.295,1.14645686345052e-06,0.004
"SH3KBP1",1.4623711518645e-17,0.630430678426648,0.555,0.535,4.85170877054084e-13,0.02
"NLRC3",2.03016162975414e-10,0.628820198274405,0.342,0.33,6.7354672390353e-06,0.012
"SPN",1.02596620727219e-06,0.627865437151486,0.228,0.219,0.0340384808586695,0.00900000000000001
"NCK1",6.85516509006531e-11,0.6254911939678,0.242,0.245,2.27433812193097e-06,-0.003
"MSH2",5.37990417639072e-10,-0.619833057024143,0.104,0.203,1.78489080860115e-05,-0.099
"GAB2",1.85522717544421e-08,-0.619404352575102,0.128,0.226,0.000615508719997124,-0.098
"SIL1",4.02121948260522e-10,-0.614058636870499,0.164,0.281,1.33411998774393e-05,-0.117
"DDHD1",5.00007803504204e-07,0.613846287152305,0.219,0.215,0.016588758896859,0.004
"KIF13B",1.47377143895006e-10,0.613554081460991,0.379,0.352,4.88953150300463e-06,0.027
"APOLD1",4.72369621815941e-07,-0.613180357405927,0.148,0.243,0.0156718069429875,-0.095
"ATG5",1.97053497051567e-07,0.612801693981797,0.27,0.267,0.00653764387167982,0.003
"RNF19A",1.29573895965263e-08,0.612545822909045,0.318,0.312,0.000429887314643954,0.00600000000000001
"IGF2R",4.78358459207183e-09,0.610880324683307,0.293,0.284,0.000158704986011167,0.00900000000000001
"SLC9A9",1.72232670171613e-16,0.609968425105404,0.322,0.359,5.71416329828362e-12,-0.037
"DIP2B",1.07069579348499e-16,-0.60925430248434,0.318,0.505,3.55224743404516e-12,-0.187
"DIDO1",9.30667531339502e-10,0.608457151983077,0.217,0.233,3.08767566872506e-05,-0.016
"GPHN",1.58006934997458e-22,-0.607914558299567,0.225,0.423,5.24219608241068e-18,-0.198
"EMB",1.89007486581139e-14,0.604403008116591,0.505,0.483,6.27070138230246e-10,0.022
"AKNA",1.23319654556567e-18,0.604149612815207,0.607,0.588,4.09137617922323e-14,0.019
"ITFG2",9.07495215402119e-10,-0.602307500693454,0.172,0.29,3.01079687613961e-05,-0.118
"ATP2B4",4.97077008166317e-10,0.602210803064387,0.428,0.393,1.64915238999339e-05,0.035
"WNK1",3.73629177190808e-18,0.602150220008291,0.523,0.523,1.23958952116594e-13,0
"AL159163.1",1.48270551977807e-14,-0.600861734391547,0.092,0.212,4.91917210296772e-10,-0.12
"RAP1GDS1",2.65267985270818e-10,0.599869092796512,0.457,0.41,8.80079594732995e-06,0.047
"TSPAN5",2.83532799514147e-08,0.598762548571308,0.388,0.359,0.000940676768948087,0.029
"CHST11",8.02834248779556e-21,0.596894829623597,0.777,0.728,2.66356318717593e-16,0.049
"NR3C2",4.71015070786347e-19,-0.595376523604842,0.297,0.497,1.56268670034786e-14,-0.2
"PCED1B",3.7655943633378e-14,0.59299541747788,0.609,0.574,1.24931124192458e-09,0.035
"SAE1",3.15259080745024e-09,-0.591999185703434,0.137,0.24,0.000104593505218776,-0.103
"HS3ST2",1.9877431239829e-07,-0.591246764388583,0.168,0.264,0.00659473536243805,-0.096
"BIN2",1.05004119469784e-12,0.590511374086219,0.448,0.426,3.48372167164903e-08,0.022
"LIPE-AS1",6.72445133828512e-11,-0.590231331138617,0.193,0.323,2.23097122050286e-06,-0.13
"CCDC88C",1.03793477750677e-12,0.589948073873931,0.5,0.48,3.4435562113342e-08,0.02
"PIK3IP1",1.28264217511269e-19,-0.585317589290683,0.275,0.472,4.25542194437136e-15,-0.197
"ITK",6.36550661933074e-23,-0.585022900714578,0.339,0.562,2.11188413109536e-18,-0.223
"FRMD4A",1.11988769796883e-16,-0.583853180018063,0.27,0.446,3.7154514155512e-12,-0.176
"LDLRAD4",9.54605041703142e-21,-0.583605564349257,0.402,0.617,3.16709314685852e-16,-0.215
"AC119396.1",1.42874737510899e-15,-0.583218442838414,0.296,0.475,4.7401551663991e-11,-0.179
"DOCK9",1.57490887086282e-24,-0.58224070518419,0.254,0.47,5.22507516086156e-20,-0.216
"SUFU",1.9658677318638e-10,-0.581990641668981,0.141,0.256,6.52215937400453e-06,-0.115
"HOOK2",5.93107574256813e-09,-0.581516800538529,0.117,0.213,0.000196775299911183,-0.096
"PCAT1",1.26287296220417e-23,-0.579697145020048,0.225,0.432,4.18983362670478e-19,-0.207
"PITPNC1",3.90647392151479e-25,0.577367516263978,0.806,0.789,1.29605085294096e-20,0.017
"AUH",2.16423136560377e-08,0.57681352435102,0.24,0.251,0.000718027040166361,-0.011
"MAN1A2",1.35628633094233e-08,0.57463373590013,0.279,0.282,0.000449975116016736,-0.00299999999999995
"STK10",1.61710969989426e-17,0.569961602639445,0.663,0.644,5.36508485133917e-13,0.019
"SUN2",1.22564120342749e-10,0.568995142188912,0.398,0.397,4.06630982061137e-06,0.001
"PIK3R5",1.68576059979362e-13,0.568770164675707,0.452,0.454,5.59284794193528e-09,-0.002
"RBPJ",1.64421415258251e-11,-0.568715698921001,0.198,0.331,5.45500929402299e-07,-0.133
"PXN",6.19891720843356e-12,0.568101214868103,0.331,0.328,2.056614762242e-07,0.003
"SUPT3H",4.2094300431655e-13,-0.567756443118197,0.247,0.402,1.39656260542102e-08,-0.155
"SYNE2",3.49497645069368e-17,0.566782772024128,0.56,0.564,1.15952833704664e-12,-0.00399999999999989
"ARHGAP5",1.08267758284519e-12,-0.56677741314716,0.12,0.239,3.5919994166055e-08,-0.119
"ATF7IP",1.41472652593265e-17,0.566523754805107,0.496,0.514,4.69363819508675e-13,-0.018
"MCUB",6.27725141439158e-25,-0.566451041562027,0.237,0.449,2.08260370175269e-20,-0.212
"NFIC",2.43054672594941e-08,-0.562217934784743,0.188,0.299,0.000806382487268235,-0.111
"MAML2",3.19362261521458e-23,-0.561494948996425,0.62,0.806,1.05954817504974e-18,-0.186
"PPP3CC",2.50842562482733e-15,0.561300230197265,0.496,0.49,8.32220369548965e-11,0.00600000000000001
"PPP3CB",5.32843813366322e-07,0.559445829775124,0.318,0.312,0.0176781591960544,0.00600000000000001
"TRAPPC10",6.8123210676265e-08,0.559140922760616,0.298,0.289,0.00226012376060644,0.00900000000000001
"TBXAS1",8.84366384855565e-07,-0.55835991881634,0.158,0.247,0.0293406235503531,-0.089
"CFLAR",1.5324654381054e-11,0.558231400358763,0.496,0.464,5.08426058400227e-07,0.032
"ETV6",4.27048642472371e-13,-0.55768471741331,0.232,0.387,1.41681928113058e-08,-0.155
"LCOR",2.14252854714974e-11,0.557555852944387,0.342,0.353,7.10826696087869e-07,-0.011
"RAB3GAP1",2.45077083450807e-12,-0.55421213074447,0.158,0.287,8.13092239764742e-08,-0.129
"PATJ",4.89571702809749e-22,-0.554087282401774,0.408,0.629,1.62425203841191e-17,-0.221
"PIK3R1",2.55690533829327e-09,0.549671522416311,0.279,0.286,8.48304484085557e-05,-0.00699999999999995
"IL6ST",1.85008897669265e-11,-0.54945185315444,0.201,0.335,6.13804019797322e-07,-0.134
"FAM102A",3.58026835006528e-18,-0.549037203125236,0.185,0.352,1.18782563050116e-13,-0.167
"PGGHG",1.53337558930708e-15,-0.548580290745961,0.245,0.412,5.08728019264408e-11,-0.167
"MICAL3",3.29274462258527e-10,-0.548348545516948,0.189,0.314,1.09243388343512e-05,-0.125
"ATP11B",4.40263614199964e-14,0.547491271995503,0.35,0.387,1.46066259283122e-09,-0.037
"HNRNPD",7.58586718477427e-07,0.547194921953726,0.273,0.266,0.0251676315589256,0.00700000000000001
"EXOC2",8.58064261057582e-09,0.547122702394607,0.289,0.301,0.000284679979891074,-0.012
"PILRB",4.68081764274108e-10,0.546756438449148,0.35,0.341,1.55295486933221e-05,0.00899999999999995
"SAMD8",4.12335499680406e-07,-0.546627282376177,0.121,0.206,0.0136800548728968,-0.085
"PARP15",3.79427402238843e-09,0.545798521701383,0.305,0.305,0.000125882629240781,0
"GPBP1L1",1.02691367533261e-08,0.545333661181542,0.29,0.297,0.000340699150065099,-0.00700000000000001
"KLHDC4",6.69921384441163e-07,0.54438877600092,0.23,0.228,0.0222259817716045,0.002
"ATP11A",8.17991661461364e-09,-0.543697757866102,0.132,0.227,0.000271385093523037,-0.095
"NCOA1",4.50968858815931e-15,0.542272644509475,0.523,0.512,1.49617938289361e-10,0.011
"CDC14A",3.02393444760902e-19,-0.541834131242683,0.299,0.497,1.00325073168324e-14,-0.198
"CD3E",1.22315907739772e-07,0.540259780976911,0.25,0.254,0.00405807487108241,-0.004
"DDX5",1.80279040751628e-13,0.538593244448212,0.345,0.37,5.98111773501676e-09,-0.025
"CAPN2",7.25338646991414e-07,0.536794188512095,0.233,0.243,0.0240645602912341,-0.00999999999999998
"TAPBP",2.88241340492258e-09,0.536711778008558,0.322,0.31,9.56298295351163e-05,0.012
"PAG1",4.51581694055188e-22,-0.53251266189212,0.202,0.395,1.4982125863669e-17,-0.193
"SEC14L1",1.19172706983128e-07,-0.531812465444031,0.137,0.229,0.00395379289957925,-0.092
"RAB11A",1.19123919418612e-09,0.53005124140016,0.26,0.292,3.95217427455131e-05,-0.032
"RAP1A",9.96230809456552e-12,0.52915775239583,0.457,0.462,3.305194956534e-07,-0.005
"TMEM63A",5.42098575830295e-17,-0.528785826780149,0.241,0.413,1.79852044503217e-12,-0.172
"PTPRJ",2.63705241539828e-11,0.528529119060013,0.521,0.497,8.74894879856689e-07,0.024
"GSN",1.32200937745241e-06,-0.528046837788898,0.146,0.233,0.0438603051157385,-0.087
"KANTR",1.91325450166604e-10,-0.527535710475111,0.137,0.24,6.3476044601774e-06,-0.103
"RASGRP1",2.88255188331349e-07,0.526447620790891,0.289,0.272,0.00956344238326917,0.017
"SEPT7",2.36910129662598e-09,0.524949945682347,0.336,0.333,7.85996737181601e-05,0.003
"ZMYND11",6.88627503461856e-08,0.522893186145279,0.23,0.243,0.0022846594682354,-0.013
"DNAJB14",1.75369011322539e-08,0.52024427132406,0.258,0.267,0.000581821768864789,-0.00900000000000001
"AP000311.1",5.33890399105281e-10,-0.519996884922349,0.243,0.373,1.77128817711159e-05,-0.13
"NDUFAF6",6.0336796789652e-13,-0.517304622551546,0.133,0.252,2.00179390709028e-08,-0.119
"PRKCB",9.16496899207484e-19,0.516190613669539,0.691,0.692,3.04066176250067e-14,-0.001
"LRBA",2.58460524878218e-17,0.515925301136198,0.668,0.658,8.57494483388464e-13,0.01
"CAB39",5.44196604010086e-11,0.513366709210728,0.341,0.373,1.80548107312426e-06,-0.032
"SLC12A6",3.02671919406e-12,-0.511952605902683,0.124,0.24,1.00417462701328e-07,-0.116
"NFAT5",6.19257124816966e-13,0.511818507039303,0.447,0.467,2.05450936300525e-08,-0.02
"ATF7IP2",1.67583162852117e-14,-0.511736948108444,0.232,0.392,5.55990659394467e-10,-0.16
"OFD1",1.64709176115525e-08,0.511154360549219,0.211,0.241,0.000546455633598476,-0.03
"CCSER2",3.63915222806389e-12,0.509113056109042,0.492,0.479,1.20736153470476e-07,0.013
"OXNAD1",2.74763346882844e-16,-0.505915898081165,0.358,0.546,9.1158235595321e-12,-0.188
"CLEC2D",1.46530219191175e-10,0.50513023636394,0.419,0.416,4.86143308210562e-06,0.003
"SNX29",3.65679581964247e-22,-0.504867572404231,0.326,0.539,1.21321514908278e-17,-0.213
"LRCH3",9.8072549942923e-14,0.504813035986439,0.35,0.394,3.25375298945636e-09,-0.044
"XRN1",4.66297851442033e-11,0.50461878952173,0.35,0.372,1.54703638172923e-06,-0.022
"CD247",2.30872409391808e-22,0.500465199149253,0.691,0.74,7.659653926392e-18,-0.049
"ARPC2",3.53213265174154e-11,0.499778164507902,0.35,0.368,1.17185564986829e-06,-0.018
"CAMTA1",9.72398831222381e-17,-0.499657427268469,0.195,0.352,3.2261276023465e-12,-0.157
"RASA2",7.19154210317195e-14,0.498900039359115,0.572,0.57,2.38593792356936e-09,0.002
"AL359736.1",1.48892429750777e-07,0.498046281404321,0.221,0.249,0.00493980414184151,-0.028
"RNF213",7.10221317329395e-16,0.495006782403217,0.612,0.611,2.35630126450373e-11,0.001
"BABAM2",4.31862714062914e-17,0.494751425005237,0.372,0.415,1.43279092644653e-12,-0.043
"PRKD2",1.43678899295438e-08,0.4947321028632,0.253,0.274,0.000476683484192475,-0.021
"GPR155",5.32559344073836e-10,-0.49306314763096,0.115,0.215,1.76687213583376e-05,-0.1
"ERN1",2.75230720379563e-09,0.492764627877293,0.204,0.239,9.13132961003277e-05,-0.035
"DIAPH1",3.00818808169581e-09,0.492601537141663,0.365,0.363,9.9802655986422e-05,0.002
"PIGU",2.57088301182216e-07,-0.489168239599539,0.126,0.21,0.00852941856832238,-0.084
"RAP1B",3.10404824254121e-16,0.488965461035645,0.483,0.503,1.0298300854279e-11,-0.02
"BCL2L13",2.09845403916159e-08,-0.48876524130422,0.15,0.248,0.000696204096572642,-0.098
"MTSS1",7.32095913854457e-14,0.488161459270486,0.303,0.338,2.42887461339493e-09,-0.035
"HIRA",4.00579129265445e-07,0.486679954716294,0.272,0.269,0.0132900137716397,0.003
"DHX36",4.35479440725751e-07,0.486542582740297,0.211,0.228,0.0144479014049583,-0.017
"CREB1",1.54474614450072e-10,0.486490455183286,0.247,0.289,5.12500428361004e-06,-0.042
"SETD5",2.68779281728643e-15,0.486212560767896,0.35,0.396,8.91729022991120e-11,-0.046
"EXT1",1.5137485840582e-15,-0.48465070739877,0.214,0.373,5.02216367732989e-11,-0.159
"LCP2",6.17613757549676e-08,0.482124870879636,0.421,0.421,0.00204905716342256,0
"NF1",3.74400939107088e-10,0.481507215919424,0.289,0.315,1.24214999567559e-05,-0.026
"OGA",2.45924727749453e-13,0.481407969146894,0.477,0.485,8.1590446925436e-09,-0.00800000000000001
"AP3D1",4.76554519264899e-08,-0.480352886816013,0.125,0.215,0.00158106492856515,-0.09
"ZRANB3",1.3600587440528e-09,-0.478690406215916,0.161,0.272,4.51226689514398e-05,-0.111
"SPTBN1",9.85869833317455e-07,-0.478214131031301,0.135,0.22,0.0327082034599732,-0.085
"DGKD",5.47039630054794e-09,0.477784800718315,0.337,0.346,0.000181491338063279,-0.00899999999999995
"BTG1",4.44207621256759e-12,0.475492049753324,0.344,0.385,1.47374762504355e-07,-0.041
"WDFY2",9.61752801363707e-14,-0.473676115103434,0.147,0.277,3.19080726908437e-09,-0.13
"ESYT2",3.83219959748981e-20,-0.473627555343762,0.281,0.477,1.27140886045919e-15,-0.196
"PLCG2",3.98986651613559e-08,0.471974479782841,0.279,0.289,0.0013237180140583,-0.00999999999999995
"USP25",1.43773402417753e-08,0.471880300840824,0.339,0.354,0.00047699701720138,-0.015
"CRTC3",2.12377297249123e-14,-0.471489328496523,0.201,0.346,7.04604159083417e-10,-0.145
"CNOT6L",4.58130296203112e-12,0.471398414892604,0.428,0.452,1.51993888371306e-07,-0.024
"RFTN1",6.1343137851851e-07,0.468123701775479,0.401,0.394,0.0203518128451086,0.00700000000000001
"TRAF5",8.09228652270285e-07,0.468121283684319,0.219,0.233,0.0268477789963713,-0.014
"NUMA1",2.20905809148932e-07,-0.467242576531661,0.12,0.204,0.00732899203013412,-0.084
"ZFP36L2",6.97661978649101e-13,0.465513743307583,0.422,0.463,2.31463314656412e-08,-0.041
"RBL2",4.96171961404355e-11,0.463960704938768,0.444,0.452,1.64614971635123e-06,-0.00800000000000001
"GTF2IRD2B",3.44411508464386e-08,-0.463892608338875,0.122,0.211,0.00114265406163229,-0.089
"CPM",5.07991910977096e-10,-0.462641453075098,0.271,0.403,1.68536476304871e-05,-0.132
"PDE8A",3.00292116722252e-11,-0.462033861630384,0.143,0.256,9.96279155649415e-07,-0.113
"CD44",9.00667754190474e-12,0.46089536669814,0.441,0.456,2.98814540807774e-07,-0.015
"MUC20-OT1",1.59919911595353e-12,-0.459934499265243,0.303,0.459,5.30566290699903e-08,-0.156
"SMAP2",5.83520428438003e-20,-0.45883835750007,0.368,0.572,1.93594572542876e-15,-0.204
"PPP2R5A",1.68500954101426e-12,0.458401529491215,0.243,0.294,5.59035615422302e-08,-0.051
"AC016831.6",1.08888402840918e-14,0.457918279772657,0.79,0.793,3.61259054105315e-10,-0.003
"HCG17",1.21145940594686e-09,0.4573188415219,0.25,0.276,4.01925887110991e-05,-0.026
"ULK4",2.18648099541051e-09,-0.455761247396458,0.24,0.365,7.25408799847344e-05,-0.125
"SDCCAG8",1.18344990021456e-18,-0.454640289286378,0.154,0.31,3.92633173394186e-14,-0.156
"MYO9B",8.51567971774791e-13,0.454496985700319,0.479,0.51,2.82524705995722e-08,-0.031
"ATAD2B",1.34700904856287e-12,0.45121808368331,0.327,0.377,4.46897192041704e-08,-0.05
"TRAF3IP2-AS1",5.21654123023208e-11,-0.45093044255771,0.134,0.242,1.7306918839541e-06,-0.108
"PAQR8",3.30972443593746e-08,-0.45029805513464,0.142,0.239,0.00109806727611097,-0.097
"PLCB1",5.89237221577505e-12,0.449201098882621,0.417,0.456,1.95491233002769e-07,-0.039
"THEMIS",2.17606048070884e-20,0.448746299780485,0.525,0.593,7.2195158568477e-16,-0.0679999999999999
"PKNOX1",8.52196312589323e-12,-0.448708438672791,0.112,0.211,2.8273317062776e-07,-0.099
"BBX",1.57577090142886e-09,0.447733426593699,0.402,0.413,5.22793511967053e-05,-0.011
"NAP1L1",4.7516047713354e-07,-0.447237053948019,0.124,0.206,0.0157643991498594,-0.082
"AC007319.1",2.03433028300734e-10,-0.446817318130554,0.116,0.214,6.74929757993346e-06,-0.098
"NEDD9",3.03878010638743e-09,0.446754646363792,0.393,0.413,0.000100817607589616,-0.02
"ARHGAP25",5.42932176354256e-08,0.446409058807175,0.405,0.41,0.00180128608149052,-0.00499999999999995
"STK17A",7.51894569183226e-10,0.446221208757618,0.46,0.461,2.49456061217919e-05,-0.001
"USP53",2.65516429346935e-11,-0.445799185272569,0.113,0.218,8.80903857644326e-07,-0.105
"CUL4A",6.50080291229677e-08,0.444695254084966,0.236,0.256,0.0021567713822127,-0.02
"PRKCZ",4.18209070619361e-08,-0.441033808424328,0.12,0.208,0.00138749223359386,-0.088
"NFATC1",4.9982091233698e-09,-0.44053275677888,0.138,0.238,0.00016582558408604,-0.1
"RAPGEF1",1.07662742315026e-11,0.44028792787365,0.497,0.505,3.57192680178563e-07,-0.00800000000000001
"DLGAP1",4.17352113880652e-10,-0.439224182787071,0.182,0.297,1.38464910822184e-05,-0.115
"RALY",5.8451444489381e-10,0.435917876766657,0.286,0.327,1.93924357382419e-05,-0.041
"PRKAG2",2.14617010577856e-21,-0.435253681769506,0.257,0.451,7.12034855994152e-17,-0.194
"PBX4",9.0026182580967e-14,-0.434873389387706,0.263,0.416,2.98679865948874e-09,-0.153
"CLASP1",3.17422326019474e-11,0.432887285484554,0.47,0.487,1.05311205103481e-06,-0.017
"PDCD4",2.08294542603106e-10,0.432465874960808,0.327,0.363,6.91058803994325e-06,-0.036
"FMNL1",1.82466082879482e-08,0.43067252182778,0.271,0.287,0.000605367723169258,-0.016
"UBR2",1.33984133526312e-10,0.430146249836862,0.359,0.393,4.44519159800245e-06,-0.034
"CYFIP2",4.25364910380744e-09,0.429187442269953,0.352,0.377,0.000141123316317019,-0.025
"SENP7",4.02585479240256e-11,0.429064657625667,0.335,0.381,1.3356578444754e-06,-0.046
"ACTR3",8.97128537719786e-07,0.427275565615058,0.289,0.293,0.0297640334959293,-0.004
"FAM172A",3.0004540593259e-12,0.427053662117937,0.539,0.557,9.95460643262553e-08,-0.018
"UBXN4",1.82940373702961e-09,0.42665161526982,0.258,0.295,6.06941277834315e-05,-0.037
"ARIH2",9.77797971401876e-07,0.423762336828685,0.285,0.292,0.0324404032972,-0.00700000000000001
"MLXIP",8.64410302622518e-12,-0.423142437875637,0.163,0.287,2.86785406101073e-07,-0.124
"ARHGEF3",6.15658997983815e-12,0.422703952628452,0.501,0.526,2.0425718576109e-07,-0.025
"ANTXR2",1.15777764780992e-06,-0.421342046730156,0.159,0.248,0.0384115890213898,-0.089
"TBCD",1.79854220433226e-07,0.420928931381722,0.255,0.277,0.00596702347131314,-0.022
"NPRL3",3.85446262852246e-11,-0.420699025084513,0.104,0.201,1.2787950662649e-06,-0.097
"WIPF1",1.0833103580297e-12,0.420175027078487,0.486,0.515,3.59409877483514e-08,-0.029
"UIMC1",1.42317146449643e-06,-0.42006218666367,0.165,0.253,0.047216559677598,-0.088
"CRYBG1",3.85914346134848e-14,0.419194257795618,0.339,0.389,1.28034802617159e-09,-0.05
"PPP4R3A",1.26815851099229e-09,0.419117313849667,0.279,0.317,4.20736949191913e-05,-0.038
"CMIP",1.28832151821655e-09,0.419029430853403,0.503,0.513,4.27426430098705e-05,-0.01
"IKBKB",1.86563954004913e-07,0.41839186855234,0.255,0.287,0.00618963230202099,-0.032
"ARHGEF1",7.48082646017873e-11,0.418339651647153,0.529,0.539,2.4819137946935e-06,-0.01
"PPARD",2.00730741240497e-08,-0.418202835206267,0.142,0.238,0.000665964380213596,-0.096
"ARHGAP4",1.98341376957462e-11,0.417695725091504,0.246,0.303,6.58037186331773e-07,-0.057
"CAPZA1",1.61077170724597e-10,0.416010769590173,0.292,0.335,5.34405729312996e-06,-0.043
"NFIA",1.55236878534751e-09,-0.415200056254163,0.215,0.329,5.15029391914743e-05,-0.114
"MYO5A",1.73781559922782e-11,0.414695912339869,0.372,0.405,5.76555081355814e-07,-0.033
"STAG2",3.23884113757876e-09,0.413797333715635,0.475,0.492,0.000107455032421451,-0.017
"TRERF1",2.84729378868714e-13,0.413708769422058,0.473,0.515,9.44646660272731e-09,-0.042
"ELOVL5",3.5190917578255e-10,0.413641987916013,0.204,0.253,1.16752907249377e-05,-0.049
"TNPO3",1.35152227119099e-09,0.413514243219695,0.207,0.256,4.48394543913035e-05,-0.049
"PPP3CA",1.26655104589469e-08,0.413151623937729,0.456,0.456,0.000420203640496483,0
"MINOS1",1.18749616646492e-06,-0.412992182754548,0.128,0.209,0.0393975603148068,-0.081
"BACH1",2.66628697429721e-07,-0.412177999598262,0.181,0.276,0.00884594029462586,-0.095
"MBNL1",5.10573560047517e-13,0.411369851984935,0.859,0.834,1.69392990016965e-08,0.025
"MTA3",1.42641690534481e-10,-0.410984480176995,0.165,0.278,4.73242336686249e-06,-0.113
"PTPRA",3.46821617097761e-11,0.410478329842055,0.454,0.473,1.15065007904524e-06,-0.019
"FAM19A1",6.76141506655967e-13,-0.410394764382907,0.233,0.377,2.2432346766325e-08,-0.144
"CCNL2",2.20447076563463e-07,-0.410190563758838,0.173,0.268,0.00731377265914601,-0.095
"PCSK7",1.46394663552639e-11,0.410082339273728,0.406,0.434,4.85693575268591e-07,-0.028
"NRDC",3.41198431312729e-08,0.409753269914218,0.238,0.269,0.00113199403556624,-0.031
"PSD4",3.00333757402571e-08,0.408899748039714,0.225,0.256,0.000996417306934509,-0.031
"CAST",5.27244910766666e-07,0.408593908923729,0.306,0.315,0.0174924044045057,-0.00900000000000001
"MYH11",1.31717381217683e-09,-0.40853598931688,0.133,0.231,4.36998755665905e-05,-0.098
"MED15",2.38722664332167e-10,0.408508277735499,0.388,0.416,7.92010183454829e-06,-0.028
"TMEM165",1.09853558653174e-08,0.407408707595409,0.249,0.284,0.000364461151543636,-0.035
"LPP",4.16228816128582e-11,0.406325225009721,0.557,0.584,1.3809223432698e-06,-0.0269999999999999
"MAP3K1",1.06816597432038e-10,-0.406319946600871,0.169,0.282,3.54385425300273e-06,-0.113
"CTSB",5.66917084630427e-14,-0.404436570671587,0.189,0.323,1.88086081167837e-09,-0.134
"PHF21A",1.30854647728535e-09,0.4035377158193,0.302,0.335,4.34136464768959e-05,-0.033
"TRMT2B",4.78058068236121e-09,-0.403012563440671,0.122,0.21,0.000158605325298698,-0.088
"SIK3",2.87988834869834e-12,0.402959914305232,0.604,0.624,9.55460557447647e-08,-0.02
"ALG13",1.82099431913256e-10,0.402767307761914,0.221,0.277,6.04151285258608e-06,-0.056
"TIAM2",6.94034601215602e-08,-0.402267691016267,0.233,0.341,0.002302598596453,-0.108
"METTL16",1.9964153162398e-08,-0.402206888812294,0.215,0.326,0.00066235070946888,-0.111
"VPS35L",1.28244903380455e-10,-0.40114164117368,0.145,0.251,4.25478115945337e-06,-0.106
"KLF12",1.2027986228467e-12,0.400208806073751,0.553,0.588,3.99052499101848e-08,-0.0349999999999999
"AC008014.1",8.14033999168953e-11,-0.399525443268929,0.141,0.248,2.70072059904284e-06,-0.107
"SPG11",1.08313420409975e-11,0.399273071262758,0.345,0.389,3.59351434894174e-07,-0.044
"CHD9",1.22955539716352e-09,0.399150287378207,0.404,0.425,4.0792959411694e-05,-0.021
"REV1",2.03927415347185e-09,-0.396849757034918,0.12,0.212,6.76569985897356e-05,-0.092
"CERS4",7.30797811497494e-09,0.39562474363364,0.284,0.305,0.000242456789920523,-0.021
"KLHL22",5.29646521081448e-09,-0.395553769772286,0.173,0.278,0.000175720826299192,-0.105
"BTRC",1.52614749003121e-12,-0.395404523640827,0.208,0.342,5.06329952767656e-08,-0.134
"CPT1A",6.11413043771531e-07,0.395060915444417,0.266,0.283,0.0202848505532081,-0.017
"YLPM1",9.73596402362415e-12,-0.394480830809484,0.197,0.318,3.23010078411778e-07,-0.121
"HIBCH",4.00342396100732e-10,-0.394367677918335,0.12,0.214,1.3282159675434e-05,-0.094
"COP1",9.09191798013489e-11,0.393282172250614,0.462,0.482,3.01642562826935e-06,-0.02
"SMARCA2",1.04942559792883e-10,0.393220772794889,0.391,0.43,3.48167930624849e-06,-0.039
"TRA2A",1.62812426736338e-12,0.392769869483584,0.365,0.418,5.40162788183149e-08,-0.053
"CMTM7",1.58349323392427e-23,-0.39183334150294,0.16,0.335,5.25355550219054e-19,-0.175
"ACAP1",3.57006395823809e-08,0.391657975539457,0.262,0.294,0.00118444011942465,-0.032
"DCAF5",2.7251598847271e-07,0.39113666154114,0.254,0.276,0.00904126294955911,-0.022
"EXOC6",4.14187440637081e-11,-0.390710621281994,0.188,0.309,1.37414967180164e-06,-0.121
"IMMP2L",6.74005117192764e-19,-0.390369465451068,0.38,0.579,2.23614677731043e-14,-0.199
"LNPEP",3.77699445367259e-09,0.390361478567352,0.324,0.349,0.000125309344989496,-0.025
"ITGB1",3.75088684743226e-09,0.390183045021839,0.211,0.255,0.00012444317293726,-0.044
"TRIM33",2.40625123270391e-08,0.388363263395187,0.264,0.302,0.000798321971474176,-0.038
"FKBP5",1.73161223096218e-21,-0.388119403193598,0.831,0.945,5.74496989866323e-17,-0.114
"RNF115",3.58479546343055e-09,0.387243416367209,0.285,0.318,0.000118932759090235,-0.033
"RNF38",5.82080433003256e-11,0.386654688898156,0.461,0.508,1.9311682525749e-06,-0.047
"EIF2B3",1.09301972970947e-07,-0.38532093446483,0.146,0.236,0.00362631155725712,-0.09
"HIP1",4.66594275409854e-12,0.385157249909273,0.392,0.443,1.54801982752727e-07,-0.051
"KIDINS220",6.20116585204359e-07,0.384644313147783,0.206,0.232,0.020573607947325,-0.026
"BANP",2.75200907726002e-08,0.382497510487636,0.225,0.258,0.000913034051562558,-0.033
"PPP1R12A",2.88579910754592e-09,0.381053313762389,0.365,0.396,9.57421569910511e-05,-0.031
"UBASH3B",7.99067187860179e-17,-0.380783589982856,0.151,0.294,2.65106520916372e-12,-0.143
"STK17B",2.73580861422207e-10,0.380184206904781,0.496,0.536,9.07659223940455e-06,-0.04
"EIF4G3",1.97472832637621e-12,0.380124395792642,0.435,0.477,6.55155616841835e-08,-0.042
"ABHD3",1.59444822860967e-07,0.379910729337366,0.257,0.277,0.00528990088805831,-0.02
"STK4",1.76722024620725e-11,0.378899762777419,0.477,0.519,5.86310661084181e-07,-0.042
"FUT8",1.48103850683401e-09,-0.377246210162844,0.315,0.451,4.91364145412318e-05,-0.136
"SP100",8.55452566885445e-11,0.376995903843691,0.551,0.562,2.83813498115584e-06,-0.011
"VPS13C",4.99916273087806e-11,0.376954123070485,0.43,0.461,1.65857221922341e-06,-0.031
"SMURF2",6.52560486385715e-07,0.376079567611302,0.322,0.345,0.0216499992568189,-0.023
"FBXL17",5.68577417849919e-14,0.375121282329126,0.443,0.482,1.88636929920068e-09,-0.039
"SLMAP",4.13899374903717e-09,0.374566619551815,0.285,0.325,0.000137319395611806,-0.04
"ABHD15-AS1",3.26468395465178e-09,0.374391813607269,0.346,0.379,0.000108312419563482,-0.033
"AFF1",4.83251830816236e-13,-0.374324866463899,0.35,0.512,1.60328459909903e-08,-0.162
"ERC1",1.06790498596989e-19,-0.374055447482384,0.312,0.506,3.54298837195229e-15,-0.194
"GGNBP2",5.2052722333051e-13,-0.373594058288761,0.233,0.376,1.72695316884363e-08,-0.143
"HDAC7",5.40504869079268e-09,-0.371851311742315,0.134,0.229,0.000179323300414429,-0.095
"NCOR1",8.66927113940347e-13,0.371563139064777,0.5,0.545,2.87620408591989e-08,-0.045
"ABI1",5.26669024423569e-10,0.37154450424666,0.301,0.334,1.74732982233007e-05,-0.033
"MACO1",1.83238815578491e-09,-0.370847978770097,0.112,0.201,6.0793141844476e-05,-0.089
"MAP2K1",7.81503575527518e-11,-0.370840475830532,0.272,0.402,2.59279441252765e-06,-0.13
"FUS",3.89530446328799e-09,0.370269508855062,0.417,0.439,0.000129234516178506,-0.022
"SLC16A7",5.25489808328577e-07,0.36993251084724,0.302,0.327,0.0174341753709172,-0.025
"FBXW4",1.64226093337328e-09,0.369677251338715,0.264,0.304,5.44852909865253e-05,-0.04
"POU2F2",4.06533902082582e-11,-0.369339291594444,0.212,0.337,1.34875752693938e-06,-0.125
"FBXW7",3.87531140459406e-08,0.369219643239252,0.402,0.419,0.00128571206470217,-0.017
"PTPN4",3.94331542268317e-07,0.3680198025517,0.358,0.386,0.0130827375778359,-0.028
"VTI1A",9.79666868967569e-11,0.367056998629436,0.493,0.528,3.2502407711737e-06,-0.035
"CCDC7",9.3666033565578e-13,-0.366652223114314,0.154,0.273,3.10755799560518e-08,-0.119
"ADARB1",1.36181095165275e-08,0.365205508981548,0.227,0.266,0.000451808019429834,-0.039
"TRIM56",3.07301371183887e-08,0.361767342095425,0.289,0.315,0.00101953375917678,-0.026
"AHNAK",5.3089688613248e-11,0.361205882457788,0.388,0.438,1.76135659912173e-06,-0.05
"HCLS1",4.12688638588329e-08,0.358596340112133,0.22,0.265,0.0013691770962445,-0.045
"AC087500.1",2.66872991143918e-10,-0.358287236796436,0.148,0.253,8.85404522718176e-06,-0.105
"CDYL",3.98503231259424e-08,0.357786584179262,0.237,0.278,0.00132211417034939,-0.041
"DENND4A",1.77040609709261e-07,0.35777911287656,0.383,0.418,0.00587367630832416,-0.035
"GALNT10",4.83247937380922e-08,0.357494104147486,0.277,0.311,0.00160327168184869,-0.034
"WDR59",9.25080170380238e-09,-0.357241016078446,0.181,0.283,0.000306913848127052,-0.102
"RAD23B",2.83773042153973e-07,-0.357087150589174,0.124,0.201,0.00941473821954235,-0.077
"NIPBL",3.67617644311741e-10,0.356750262170892,0.488,0.516,1.21964505853306e-05,-0.028
"NFATC3",5.13939130464331e-11,0.355617032262911,0.595,0.621,1.70509585314151e-06,-0.026
"MYO1D",4.9667447440499e-11,-0.35512531435226,0.194,0.314,1.64781690373343e-06,-0.12
"PSIP1",6.46408329175563e-07,-0.354409389083515,0.137,0.213,0.0214458891370577,-0.076
"ARL15",1.2486248018189e-10,0.354333902868234,0.526,0.539,4.14256250499457e-06,-0.013
"CTNNB1",1.43749770294002e-06,0.353953173910273,0.223,0.256,0.0476918612904412,-0.033
"ENOSF1",1.43128575436409e-13,-0.353822139016227,0.189,0.319,4.74857674725374e-09,-0.13
"CD6",5.97926263917648e-16,-0.353513160701797,0.262,0.423,1.98373996579958e-11,-0.161
"IQSEC1",4.66853791157311e-09,0.353003358889238,0.368,0.401,0.000154888082292261,-0.033
"HUWE1",7.11297830310245e-11,0.352050701071547,0.251,0.299,2.3598728116203e-06,-0.048
"MINDY2",1.58603263225544e-09,-0.35176672272097,0.135,0.23,5.26198046403388e-05,-0.095
"URI1",4.43986443639836e-10,0.350767214668809,0.258,0.307,1.47301382406389e-05,-0.049
"INPP4A",1.99597349389538e-07,0.350541775472173,0.557,0.561,0.0066220412606967,-0.004
"SORL1",1.52373385247283e-12,-0.349795877336066,0.335,0.486,5.05529180234911e-08,-0.151
"ZFAND3",8.06251232511196e-13,0.349424687837401,0.62,0.659,2.67489971410239e-08,-0.039
"DNMT3A",9.1821223791842e-13,-0.349024543922455,0.185,0.315,3.04635274174194e-08,-0.13
"ROCK1",4.46730834154234e-08,0.348887312155773,0.411,0.433,0.0014821188884735,-0.022
"EP300",1.71547849198886e-08,0.347745177578859,0.254,0.299,0.000569144299287144,-0.045
"EP400",8.21991093397435e-08,-0.347276234570646,0.191,0.287,0.00272711985056467,-0.096
"SRPK2",3.17288520031813e-09,0.346357545188082,0.607,0.634,0.000105266812290955,-0.027
"STRADA",2.05664325819866e-12,-0.346198023350986,0.118,0.223,6.82332533772568e-08,-0.105
"SEL1L3",2.50832759336492e-07,0.344822748649782,0.268,0.307,0.00832187845650678,-0.039
"CD53",1.29712555733977e-07,0.344765390447441,0.397,0.427,0.00430347346158616,-0.03
"CD226",9.13525192511679e-15,-0.344230234439081,0.181,0.312,3.030802531196e-10,-0.131
"ZNF609",1.11732341677376e-16,-0.344125718894809,0.512,0.698,3.70694389983031e-12,-0.186
"ASXL2",2.02423025502699e-09,0.342999644129473,0.276,0.323,6.71578871710305e-05,-0.047
"MDFIC",4.87221938898799e-08,0.342844476481531,0.297,0.328,0.00161645622668455,-0.031
"PHF14",4.53369280026815e-12,0.342455614191149,0.245,0.307,1.50414326034496e-07,-0.062
"ANKRD44",4.58881177014721e-09,0.34211120380828,0.867,0.853,0.000152243008098174,0.014
"TRPS1",1.30885483293667e-08,0.340950256380164,0.272,0.314,0.000434238767923399,-0.042
"YWHAZ",1.00371515481257e-08,0.340649534507076,0.312,0.342,0.000333002576912165,-0.03
"SND1",8.65964917556967e-14,0.340597438000647,0.326,0.404,2.87301180697875e-09,-0.078
"MBD5",2.5550762502109e-11,0.339899594421592,0.444,0.49,8.4769764753247e-07,-0.046
"DOCK2",1.32055014898453e-10,0.339660960040901,0.63,0.648,4.38118922928597e-06,-0.018
"CYTIP",1.28373057832797e-09,0.339345537326749,0.307,0.348,4.25903293971871e-05,-0.041
"GLS",2.81891774494705e-09,0.338392509958808,0.366,0.395,9.35232340241083e-05,-0.029
"RCSD1",3.75565632255059e-08,-0.338209320312951,0.546,0.673,0.00124601409813261,-0.127
"KCNAB2",3.36164369192178e-07,0.337200913556017,0.332,0.357,0.0111529252766889,-0.025
"MACF1",1.30198603278845e-12,0.33656452539004,0.648,0.683,4.31959906098224e-08,-0.035
"CARD8",4.83694162064791e-08,0.336414723424041,0.357,0.387,0.00160475212148236,-0.03
"TTBK2",6.6120083583281e-09,-0.335708921563271,0.156,0.256,0.000219366601304251,-0.1
"LINC00513",6.39692775865584e-08,0.335570350223124,0.297,0.336,0.00212230872248925,-0.039
"HEATR5B",2.83020906233493e-10,-0.335170384483478,0.195,0.311,9.3897846061086e-06,-0.116
"DOCK8",2.22059849986801e-12,0.33382939216801,0.645,0.678,7.36727964301208e-08,-0.033
"FAM13B",6.60490612642039e-08,0.333365870755966,0.296,0.334,0.00219130970556249,-0.038
"ZNF44",2.61821518072718e-08,-0.33298871430496,0.182,0.279,0.000868645250509858,-0.097
"SUMF1",5.12874895556169e-10,-0.332965296611145,0.268,0.394,1.7015650409867e-05,-0.126
"AC091959.3",3.06073640278821e-08,0.331508633675842,0.201,0.241,0.00101546051635304,-0.04
"CDK19",1.58234180219477e-08,0.329451754419465,0.273,0.321,0.000524973539714159,-0.048
"IPO9",9.83572819925697e-08,-0.328238698798901,0.126,0.207,0.00326319954466748,-0.081
"SRGN",4.04537683920558e-08,0.327941209803843,0.397,0.422,0.00134213467394323,-0.025
"KATNBL1",5.53234296781292e-09,-0.327481649398748,0.134,0.222,0.000183546542643129,-0.088
"PLPP1",2.5547951293422e-08,-0.3271154049965,0.145,0.234,0.000847604380061863,-0.089
"APBA2",9.7106965048476e-17,0.325349801093582,0.35,0.454,3.22171777941329e-12,-0.104
"IST1",4.62119344521691e-07,0.324754228148328,0.204,0.241,0.0153317334931962,-0.037
"ARID1B",3.63814360696515e-11,0.324689529174174,0.648,0.675,1.20702690448283e-06,-0.027
"SOS1",3.16914480414867e-10,0.324588826817023,0.395,0.438,1.0514271716724e-05,-0.043
"MYCBP2",1.76250348736742e-11,0.323118087866729,0.533,0.577,5.84745782003888e-07,-0.0439999999999999
"NMT2",5.41985943147714e-07,-0.322726507410623,0.186,0.279,0.0179814676358117,-0.093
"AC010894.3",6.22365642076627e-08,0.321587153360374,0.326,0.352,0.00206482249071763,-0.026
"PTPN2",8.0024919312535e-07,0.320824789208375,0.203,0.245,0.0265498674803198,-0.042
"NUBPL",6.6842349681237e-09,-0.319854278782724,0.16,0.258,0.00022176286353744,-0.098
"TFCP2",4.50969311377668e-09,0.319829747114086,0.375,0.422,0.000149618088435769,-0.047
"RABEP1",7.14732486824414e-07,0.319803741863134,0.383,0.4,0.0237126797153736,-0.017
"APBB1IP",6.25281715092041e-10,0.319381963585482,0.6,0.627,2.07449714616086e-05,-0.027
"RAP1GAP2",1.63982111836224e-11,0.319093932648967,0.268,0.343,5.44043452439041e-07,-0.075
"DENND4C",5.8964266703819e-11,0.31860436130682,0.363,0.413,1.9562574764326e-06,-0.05
"HERC1",1.0932806485454e-12,0.317547428444843,0.525,0.577,3.62717720767907e-08,-0.0519999999999999
"WDR7",2.19625019517067e-09,-0.316825549489796,0.229,0.347,7.28649927251773e-05,-0.118
"CUX1",1.54666503385841e-13,-0.316612431518041,0.464,0.626,5.13137058283204e-09,-0.162
"BPTF",4.64715860125781e-11,0.316421184075486,0.517,0.564,1.5417878091393e-06,-0.0469999999999999
"TTLL5",2.59798546293858e-08,-0.313886983012045,0.128,0.212,0.000861933637039131,-0.084
"MAP4",5.01243777980427e-12,0.313437451297566,0.326,0.384,1.66297648220566e-07,-0.058
"PIP5K1A",8.06896860500045e-09,-0.312274879347755,0.212,0.32,0.0002677041714081,-0.108
"KIAA2026",3.74829474842043e-08,0.311891744106391,0.309,0.344,0.00124357174868345,-0.035
"KIAA1109",1.29224619300811e-07,0.311551124056094,0.328,0.353,0.004287285194543,-0.025
"PLCL1",5.32756373845265e-11,-0.31033291529473,0.236,0.359,1.76752582150644e-06,-0.123
"FOXN3",1.19969768075186e-11,0.310111973423009,0.788,0.816,3.98023699543045e-07,-0.0279999999999999
"USP3",2.14927336435252e-09,0.309068193282512,0.326,0.38,7.13064424091236e-05,-0.054
"MT-CO1",8.46945334160387e-13,0.308965671353592,0.367,0.433,2.80991053514392e-08,-0.066
"USP9Y",4.30503849698054e-09,0.307991993074397,0.24,0.277,0.000142828262214324,-0.037
"AC025283.3",4.57201067639326e-08,-0.30709564252082,0.139,0.226,0.00151685598210699,-0.087
"FTL",7.49700778220746e-07,0.307024638322775,0.216,0.256,0.0248728227190297,-0.04
"FAM208B",1.82873831831616e-07,0.306280209753652,0.298,0.331,0.00606720511867753,-0.033
"SPATA5",1.91098042153377e-10,0.306061473793586,0.249,0.301,6.34005974452259e-06,-0.052
"CRTC1",1.5810441349566e-08,-0.305669799159071,0.172,0.269,0.000524543012654552,-0.097
"DPYD",1.38467231201286e-11,0.305594833855663,0.582,0.637,4.59392732956506e-07,-0.055
"RICTOR",3.13345754588627e-11,0.305191832020977,0.357,0.414,1.03958720999869e-06,-0.057
"SHISAL2A",7.15967608474277e-14,-0.304459587414971,0.177,0.305,2.37536573463511e-09,-0.128
"MECP2",1.27132140589298e-09,0.30441825304809,0.439,0.486,4.21786302833114e-05,-0.047
"KDM5A",1.41054878214358e-06,0.304294682770766,0.316,0.341,0.0467977769451774,-0.025
"GOLGA8B",5.05701269218215e-12,-0.303449391357662,0.146,0.255,1.67776510088527e-07,-0.109
"NFATC2IP",7.95609645365965e-10,0.303118736806679,0.219,0.281,2.63959412043066e-05,-0.062
"BIRC6",6.43512626253384e-13,0.302977498806488,0.587,0.637,2.13498184012085e-08,-0.05
"PNPLA2",3.20369018083401e-08,-0.302951008935272,0.133,0.213,0.0010628882912953,-0.08
"ARHGDIB",8.0551440097363e-09,0.302767214178406,0.229,0.276,0.000267245512811021,-0.047
"ASCC1",4.81111588235812e-07,-0.302303169753763,0.16,0.241,0.0159618391628995,-0.081
"ZEB1",8.08297836290219e-12,-0.302245451374767,0.284,0.42,2.68168973146006e-07,-0.136
"PHC3",1.57226891042267e-12,0.30223494275122,0.466,0.51,5.2163165641093e-08,-0.044
"ISG20",3.14256875820337e-07,0.301637306139954,0.228,0.267,0.0104261003690913,-0.039
"ZNF407",3.0822414902414e-10,0.3013206304705,0.318,0.371,1.02259525921739e-05,-0.053
"RHOA",1.3302357453073e-10,0.300984556715129,0.223,0.277,4.41332313220602e-06,-0.054
"PRKCQ",4.61652945255093e-09,0.3008639411668,0.48,0.525,0.000153162597647282,-0.045
"TBC1D2B",2.42730057595895e-09,0.299501182487457,0.208,0.261,8.053055120859e-05,-0.053
"KIAA0355",9.72231081617277e-09,-0.299065690632169,0.23,0.336,0.000322557105948164,-0.106
"ASB3",2.312711135601e-08,-0.298806527441454,0.148,0.233,0.000767288173458344,-0.085
"SHLD1",5.71101704686294e-09,-0.298400250817283,0.211,0.317,0.000189474412563772,-0.106
"OPRM1",9.60673755297047e-07,0.297016777369044,0.234,0.269,0.0318722731794901,-0.035
"ZNF148",2.02203668214561e-12,0.296543196548325,0.319,0.388,6.70851110035447e-08,-0.069
"RABGAP1",5.70698226148908e-07,0.29587348856213,0.202,0.248,0.0189340550489423,-0.046
"USP48",5.63654472367126e-10,-0.295641545949545,0.224,0.341,1.87003644297241e-05,-0.117
"RANBP2",1.64878682685729e-09,-0.295211579099865,0.169,0.274,5.47018005546445e-05,-0.105
"PHLPP1",2.03249722071039e-07,-0.295047152603761,0.121,0.201,0.00674321602915087,-0.08
"WAC",1.78351607875406e-12,0.294910617102994,0.402,0.47,5.91717129448234e-08,-0.0679999999999999
"MGRN1",1.4359890989819e-06,-0.294879200885462,0.138,0.213,0.0476418103369226,-0.075
"NUCB2",4.97220596485141e-11,-0.294702446694219,0.111,0.21,1.64962877295875e-06,-0.099
"CUL1",3.59378839389383e-09,0.293961688110176,0.246,0.301,0.000119231117544216,-0.055
"PCNX1",3.36472997965698e-09,0.293537614914313,0.595,0.637,0.00011163164653508,-0.042
"SP140",8.88711235034628e-07,0.293239932794702,0.217,0.254,0.0294847726447439,-0.037
"VAV1",8.72483397691539e-09,0.292289245352625,0.366,0.41,0.000289463816852122,-0.044
"FUBP1",1.3766769075446e-06,0.292172010594461,0.242,0.284,0.0456740097616071,-0.042
"CREBRF",2.64084538748573e-09,-0.291038896602633,0.178,0.275,8.76153274206142e-05,-0.097
"PRH1",5.67427705291354e-08,0.29082601904422,0.552,0.581,0.00188255489784512,-0.0289999999999999
"SNRK",1.19641008283731e-07,0.289833254866737,0.268,0.309,0.00396932973182933,-0.041
"FBXO11",9.21726182077465e-11,0.2898163497409,0.401,0.465,3.05801095427841e-06,-0.064
"ATF6",4.07568974018279e-08,-0.289375553606378,0.189,0.284,0.00135219158510044,-0.095
"GSE1",7.48398895998252e-11,0.289088263939782,0.341,0.392,2.4829630172534e-06,-0.051
"GATAD2A",4.46093616318227e-08,0.288712422574059,0.375,0.418,0.00148000479085898,-0.043
"USP15",1.01809049507803e-08,0.288609966909053,0.374,0.428,0.000337771883552039,-0.054
"DLGAP4",1.78633078341331e-10,-0.288246126942204,0.133,0.228,5.92650964013034e-06,-0.095
"MIR29B2CHG",6.18719372161938e-11,-0.286384273786937,0.182,0.294,2.05272526102166e-06,-0.112
"SIK2",3.79178674812504e-08,-0.285616410797513,0.18,0.272,0.00125800108942545,-0.092
"EVL",1.73928540397186e-08,0.285116154619379,0.607,0.649,0.000577042718475745,-0.042
"RNF144A",3.82679115954785e-09,-0.284971627343016,0.156,0.251,0.000126961450300319,-0.095
"LCLAT1",1.35918757778067e-10,-0.284060606509065,0.145,0.24,4.50937662680293e-06,-0.095
"TCF12",1.86884943195836e-11,0.283930396864652,0.514,0.57,6.20028176040824e-07,-0.0559999999999999
"HPCAL1",7.15843997348407e-14,-0.282913821198039,0.223,0.356,2.37495563000281e-09,-0.133
"UBE2R2",3.36617376101643e-09,-0.282727640054843,0.208,0.317,0.000111679546869242,-0.109
"RAD54L2",1.10676823688869e-07,-0.282576701047298,0.164,0.245,0.0036719249795256,-0.081
"BCL2",1.37302278527901e-15,-0.282429899151126,0.383,0.559,4.55527769472017e-11,-0.176
"AUTS2",1.00937904232216e-11,0.280639615564688,0.464,0.531,3.34881684871224e-07,-0.067
"C22orf34",6.37677130819186e-09,0.279944384139563,0.419,0.451,0.000211562141691881,-0.032
"ZRANB2",8.96225759375797e-12,0.279553696351142,0.215,0.282,2.97340820188108e-07,-0.067
"SLFN5",2.5360208466806e-12,0.279480470793375,0.293,0.366,8.41375636303223e-08,-0.073
"PBXIP1",6.66306742793456e-11,-0.279054569073287,0.134,0.231,2.21060588056585e-06,-0.097
"SMYD3",6.60365541022548e-10,0.27861456119384,0.625,0.677,2.19089475545051e-05,-0.052
"VGLL4",1.10649309914792e-09,-0.277674699169924,0.206,0.314,3.67101215504306e-05,-0.108
"ST3GAL1",2.17290002862203e-11,0.277507687095716,0.331,0.395,7.2090304249593e-07,-0.064
"MPP7",2.22760757587754e-19,-0.276659472885957,0.193,0.341,7.39053365448892e-15,-0.148
"HERC4",2.38355907082232e-11,0.276117337085362,0.538,0.59,7.90793392926721e-07,-0.0519999999999999
"MAP2K5",2.78505642496753e-11,0.275738850782545,0.266,0.332,9.23998170111478e-07,-0.066
"ZFR",2.11284411120778e-08,0.275360278783967,0.336,0.388,0.000700978290775406,-0.052
"AL449266.1",6.104152150197e-11,-0.274921209203014,0.125,0.22,2.02517455887086e-06,-0.095
"PKN2",8.74542006355203e-12,0.27424227318195,0.289,0.351,2.90146801448466e-07,-0.062
"SNX14",1.50458113349849e-08,0.274223228206526,0.296,0.352,0.000499174882660794,-0.056
"PPP4R3B",6.65774252743334e-08,0.273959147658315,0.254,0.299,0.00220883923832656,-0.045
"UBE2K",8.96268285096917e-11,0.273934565292286,0.421,0.488,2.97354928946604e-06,-0.067
"AC008764.1",3.01959937387687e-11,-0.27347242811026,0.133,0.232,1.00181248427113e-06,-0.099
"USP47",2.57536920408032e-09,0.272438233655848,0.299,0.351,8.54430240837728e-05,-0.052
"KMT2E",2.20429063180888e-10,0.27205249807451,0.517,0.562,7.31317502915233e-06,-0.045
"PCGF5",4.64727764254837e-10,-0.271967199876928,0.19,0.299,1.54182730346827e-05,-0.109
"TC2N",4.16048551506238e-10,0.270931414939341,0.503,0.557,1.38032427933225e-05,-0.054
"TBC1D10C",4.30205662789296e-07,0.270547378124323,0.275,0.318,0.0142729332743605,-0.043
"TNK2",2.35091487198711e-09,-0.27038225814809,0.199,0.307,7.79963027079164e-05,-0.108
"INPP5D",7.69773434314796e-15,0.270216760970584,0.604,0.663,2.5538773230262e-10,-0.0590000000000001
"LSM14A",6.60787790693063e-11,0.26967162002224,0.387,0.449,2.19229565318237e-06,-0.062
"MED13",1.08253484631102e-07,0.26937718242813,0.336,0.392,0.00359152585960606,-0.056
"DLEU2",2.78325310390625e-09,0.268943537265327,0.504,0.55,9.23399882282975e-05,-0.046
"TANC2",1.04576694600616e-12,-0.268785737507249,0.168,0.283,3.46954099676464e-08,-0.115
"SRSF4",1.48948493601812e-08,0.268671641826554,0.28,0.339,0.000494166417222731,-0.059
"FNBP1",3.17030894468979e-11,0.26834039885432,0.682,0.735,1.05181339857973e-06,-0.0529999999999999
"ARHGAP30",1.48688234539502e-07,0.2683313430232,0.301,0.333,0.00493302955731706,-0.032
"TRPC4AP",3.0326303712411e-08,0.268021698207802,0.257,0.309,0.00100613577826666,-0.052
"WWP1",1.12929099996073e-14,-0.267924791416992,0.223,0.361,3.74664875056971e-10,-0.138
"YWHAE",2.99763735787541e-07,-0.26782949929241,0.249,0.352,0.00994526146222324,-0.103
"ENTPD1-AS1",5.29756018601587e-09,-0.267665454573895,0.156,0.249,0.000175757154291449,-0.093
"SP110",6.59140857664217e-07,0.267644239154403,0.229,0.279,0.0218683162347257,-0.05
"FNDC3B",3.71179093544708e-10,0.267028996679655,0.28,0.333,1.23146087865328e-05,-0.053
"MAP3K5",7.5205562842455e-10,0.266905607085766,0.367,0.424,2.49509495842413e-05,-0.057
"SUCLG2",5.75459651418738e-10,0.266407188219162,0.448,0.493,1.90920248551195e-05,-0.045
"RSU1",7.2584936937506e-08,0.266390391432978,0.246,0.297,0.00240815045277564,-0.051
"HIF1A",2.18290641515865e-11,-0.266202657020281,0.139,0.244,7.24222861357185e-07,-0.105
"OGDH",1.38613506679358e-06,0.265823905984981,0.263,0.296,0.0459878031110106,-0.033
"PACSIN2",1.736853890368e-09,-0.265542475431085,0.208,0.323,5.76236015207391e-05,-0.115
"SNRNP70",1.66133760336761e-11,-0.265506397247974,0.393,0.54,5.51181976669272e-07,-0.147
"BRWD1",5.50142410199193e-09,0.264993312213877,0.332,0.379,0.000182520747431786,-0.047
"PLEKHA2",3.17915987872263e-07,0.264314741304963,0.337,0.378,0.0105474987296381,-0.041
"SAMHD1",3.95073045232769e-14,-0.264210516865062,0.361,0.522,1.31073384216876e-09,-0.161
"AP2A2",1.38168234775894e-11,-0.263231008453315,0.229,0.349,4.58400752515983e-07,-0.12
"MTAP",2.68497032175246e-09,-0.26228548574409,0.148,0.238,8.90792603647812e-05,-0.09
"INPP4B",9.97863381514483e-12,-0.261875793224626,0.383,0.534,3.3106113408506e-07,-0.151
"LEPR",1.89113309599535e-07,-0.261594978789126,0.137,0.21,0.00627421227258378,-0.073
"ATP2B1",5.38840270926352e-09,0.260313622243901,0.249,0.294,0.000178771036685236,-0.045
"MARCH6",2.90943188190921e-07,0.259950931850625,0.258,0.297,0.00965262215461018,-0.039
"SLC44A2",1.54249943268392e-08,-0.259916149731777,0.254,0.361,0.000511755036781543,-0.107
"HECA",8.75157734751375e-13,-0.259723228364815,0.178,0.293,2.90351081658464e-08,-0.115
"CDR2",1.52814783425936e-11,-0.259372338637393,0.228,0.346,5.06993606972229e-07,-0.118
"OGT",1.7384889254451e-13,0.259247472175714,0.367,0.441,5.76778470794922e-09,-0.074
"EHBP1",1.30609706566537e-06,-0.259186538670503,0.241,0.333,0.04333238234758,-0.092
"DYRK1A",1.49851648143002e-08,0.259180355028437,0.435,0.486,0.000497162813044038,-0.051
"PAPOLA",1.43101952028084e-06,0.258490478344983,0.206,0.24,0.0474769346243574,-0.034
"NUP210",8.30229574473409e-08,0.257404039113228,0.323,0.37,0.00275445265923043,-0.047
"VPS45",1.05877972752501e-08,-0.257272674860562,0.146,0.237,0.000351271350200973,-0.091
"ITM2B",1.21639325013038e-06,0.257122897496118,0.211,0.243,0.0403562788595755,-0.032
"ERBIN",1.01838963950981e-07,0.256537880534209,0.393,0.435,0.00337871130700168,-0.042
"SCFD2",6.09875126205409e-12,-0.256194004907224,0.243,0.371,2.02338270621169e-07,-0.128
"ZNF207",3.61995285153957e-10,0.255397649733583,0.339,0.394,1.20099175755528e-05,-0.055
"SKI",3.21788120818406e-15,-0.254640020317633,0.272,0.42,1.06759644843923e-10,-0.148
"TCF25",3.9289613203099e-07,0.254292785118197,0.41,0.451,0.0130351149723921,-0.041
"FOXP1",2.25608222383399e-07,-0.254264550987311,0.732,0.832,0.00748500399401402,-0.1
"ZNF33A",3.65954048667185e-11,0.254069857300161,0.279,0.343,1.21412574726312e-06,-0.064
"NBEAL1",2.05362104201499e-07,-0.254050866665108,0.169,0.253,0.00681329853109313,-0.084
"AMBRA1",4.34853195821419e-09,0.254003841550733,0.331,0.389,0.000144271244777672,-0.058
"UBR3",1.31876585802191e-14,-0.253589164655924,0.279,0.432,4.3752694871593e-10,-0.153
"LINC01004",3.20841167119951e-07,0.253510176408977,0.247,0.288,0.0106445474015386,-0.041
"UNK",3.48037391412564e-07,0.253454558458614,0.232,0.269,0.0115468365348946,-0.037
"MINK1",5.25948515068916e-09,-0.252940996502902,0.145,0.238,0.000174493938844414,-0.093
"DAB1",3.39601582840184e-17,-0.252860435912903,0.225,0.384,1.12669617138888e-12,-0.159
"SF3B1",1.83756515010626e-08,0.252854148593812,0.28,0.336,0.000609648989850754,-0.056
"PSPC1",2.2784318361545e-10,0.251994529997975,0.326,0.382,7.55915330280979e-06,-0.056
"LUC7L3",2.77012779336422e-09,-0.251893392951051,0.299,0.422,9.19045298004446e-05,-0.123
"AC139887.2",1.44370201436923e-08,-0.250608554654764,0.169,0.265,0.00047897701730728,-0.096
"PIAS1",5.43153362642632e-07,0.250070912425713,0.441,0.478,0.0180201991123946,-0.037
