gene	Adipo	Bcell	CLC	Endo	LEC	Myeloid	Neural-like	normal_Stromal_SC_1	normal_Stromal_SC_10	normal_Stromal_SC_11	normal_Stromal_SC_2	normal_Stromal_SC_3	normal_Stromal_SC_4	normal_Stromal_SC_5	normal_Stromal_SC_6	normal_Stromal_SC_7	normal_Stromal_SC_8	normal_Stromal_SC_9	Plasma	Tcell	tumor_Stromal_SC_1	tumor_Stromal_SC_2	tumor_Stromal_SC_3	tumor_Stromal_SC_4	tumor_Stromal_SC_5	tumor_Stromal_SC_6	ZF	ZG	ZR
ADIPOQ	5.167766373004418	-0.12041157841512665	-0.08646159691803892	-0.23744553741149843	-0.26082560731784615	-0.16676913159931261	0.14396320654610242	-0.2638111648148103	-0.28169542836234396	-0.28169542836234396	-0.27852644371335156	-0.26681736018128616	-0.28169542836234396	-0.2439114119625513	-0.28169542836234396	-0.2578757497199966	-0.2402781654333446	-0.26301468101242115	-0.10135526689356336	-0.12073437913033074	-0.20327605236026702	0.020247345388598254	-0.1063536592085975	-0.06801617414110507	-0.09112593462934283	-0.01677061925064383	-0.27090000384706747	-0.26685140117789913	-0.27366329235134035
FABP4	4.372908561145404	-0.15189314087007472	-0.5164709740906349	-0.0032123663693275047	0.27933389106776935	-0.2898262917472884	-0.03289097665691718	-0.5203876395053261	-0.5189319517770887	-0.48292927932758783	-0.5281422453438173	-0.5766222348658406	-0.5332892103021266	-0.5213021212718392	-0.3085322465862778	-0.53783565318938	-0.5637499218173665	-0.3740216185411474	-0.30040219098974885	-0.25249179604040084	0.3880697935392206	0.2161515431311316	0.3001330695810666	1.8000414367932236	0.8712451988538232	0.4862137794607519	-0.5691614175446803	-0.5650069316410394	-0.5669970650944816
AIFM2	3.9773092137201576	-0.013717048857978434	0.5589018475813752	-1.0368666048343627	-1.3111924236271704	-0.6697757026618638	-0.3551458367854109	0.1282022153115736	-1.1702315343968357	-0.9231304976361652	-0.0459782217917718	-0.6507809626073726	-0.6193787470557114	-0.078451317817639	1.0118290439100808	-0.4655009306221723	-0.7825141672514805	0.49742551420348197	0.018934165963750096	-0.14469637294502172	-0.1268017100849204	-0.32116879954081595	0.14339883618457486	-0.5587797760466424	1.3609786193385713	0.6509225645894605	0.23671641168136023	-0.04427519331184733	0.7337674153907925
CYB5A	2.534747593886311	-1.0354874508690495	0.054386490554559755	-0.5207851884171469	-0.6103205722592142	-0.7920418693774527	-1.0370352642868965	0.8283154642684214	0.45811977186433717	-0.4523167496718161	0.58377825547872	-0.18206277973337495	0.4492618172427467	0.8719325519856947	1.8088449351643556	-0.1532516564905321	0.21680922974859387	-1.0788394645487993	-1.4357933107798402	-1.1651843533387114	0.23568899362374895	-0.350004805264123	-0.37412533593811026	0.431302222365913	0.8343963697517459	-0.18581382099211693	-1.0094033526078832	-1.0373495383557858	2.1122318169957053
CD79B	-0.15768850088672579	5.1360014736879265	-0.20105287708436287	0.053059155709563356	-0.3350879208670555	-0.19512354586282557	0.15734575728668299	-0.2700573631691724	-0.28784560495663253	-0.20158303535108252	-0.26754833118860866	-0.2906580951141588	-0.30158046127179694	-0.29681035410589574	-0.2598276248334608	-0.27886555775666144	-0.28168393817007936	-0.3045671336323028	0.14348533424026855	0.008090805565796121	0.019764268359128676	-0.19424252079024118	-0.22123402587341204	0.17080982731313094	-0.26149161397505083	-0.11643958860508052	-0.32119792955264864	-0.32020962530145813	-0.3237609738137849
MS4A1	-0.04041864000309869	5.083347213855815	-0.30160406036474324	-0.26007065645615784	-0.3257276493675206	-0.1479918927504769	0.46686938139666606	-0.3224023092416929	-0.3257276493675206	-0.3021613525283889	-0.3257276493675206	-0.3257276493675206	-0.32118340068957274	-0.3257276493675206	-0.3257276493675206	-0.3257276493675206	-0.3257276493675206	-0.3257276493675206	0.0673572828880801	0.06591101730183711	0.009903876962650637	-0.20039228525839003	-0.26457989574501634	0.23344219042858882	0.13261354898180386	0.00493001614989091	-0.3243883707168949	-0.3241574396733652	-0.3234753802298486
CD79A	-0.030390291421896937	4.988430354204692	-0.34993246754964613	-0.2940010009331644	-0.3640655158806739	-0.18792731533611642	0.47536727886266716	-0.3640655158806739	-0.3640655158806739	-0.3640655158806739	-0.3583448702958827	-0.3640655158806739	-0.3640655158806739	-0.3640655158806739	-0.3640655158806739	-0.3640655158806739	-0.3640655158806739	-0.3640655158806739	0.7673369869890351	0.08166824891902441	-0.06217187761476396	-0.07529076449132527	-0.11503533273404253	0.21009159639548422	-0.008962134837724813	0.04986424875268811	-0.3618632036624224	-0.3622746745810391	-0.3618441059781558
CD19	-0.13988645467965125	4.978997406423696	-0.3614162424018386	-0.2901043635943686	-0.30033183474416	-0.09869498846528293	0.3592073129186068	-0.34723795448644784	-0.3614162424018386	-0.3614162424018386	-0.3348221367913763	-0.3187765652328791	-0.29478251443682246	-0.1591983867560983	-0.3248191855831693	-0.3614162424018386	-0.3614162424018386	-0.29418750688268347	0.9268084481729644	-0.0017744061658711745	-0.22000461705076804	-0.2927445641951152	-0.3614162424018386	-0.004993029918930592	0.08726339159606997	0.29095856219383487	-0.34723975988267164	-0.3517215120709393	-0.35341788595690354
CHGA	-0.24866928069248329	-0.11170387904517469	5.1743585052937755	-0.161621323722068	-0.3333166743086135	-0.1110749776329792	-0.16816963781344701	-0.11836027083283554	-0.3333166743086135	-0.3333166743086135	-0.07430872511148374	-0.18908568387467653	-0.3333166743086135	-0.20746837571626836	-0.002834978690622009	-0.2588107008608164	-0.18723018353709833	-0.0020430392034908253	-0.11386477178323122	-0.22268231753656337	-0.18306443613392756	-0.3333166743086135	-0.2102255222833828	-0.13288842523784555	-0.3333166743086135	-0.09258558036710458	-0.16436110984954255	-0.1359009018437432	-0.07750433767330941
TH	-0.26156038298765566	-0.18597213597455015	5.155988133940821	-0.11208224833352663	-0.26156038298765566	-0.21342489521036787	-0.14796976070405993	-0.033839400126219235	-0.26156038298765566	-0.26156038298765566	-0.04239061459192264	-0.17055058795843792	-0.11445223599125373	-0.12138736375526482	-0.19057569454066609	-0.26156038298765566	-0.26156038298765566	0.3855966072338671	-0.26156038298765566	-0.25128476158668295	-0.26156038298765566	-0.26156038298765566	-0.26156038298765566	-0.26156038298765566	-0.26156038298765566	-0.26156038298765566	-0.18698212845132078	-0.19627645541615674	-0.17411147969473448
CHGB	-0.6793055178585865	-0.5948186851282373	4.213997798640299	0.020538982543362998	-0.1206323107391858	-0.2594206588386238	-0.07411382038651605	-0.2010688501104999	0.04387361644823987	0.5105408142188346	0.04528744527955787	-0.2305549725957114	-0.5007524754594415	-0.2915234724075513	0.12742450511341938	-0.138173663689819	-0.2757774232341093	0.05597498262383405	-0.7582007868987646	-0.599731975760469	-0.7175891916818481	-0.7582007868987646	-0.7582007868987646	-0.7405817129795381	-0.5519454919388506	-0.4998298809163882	1.2922218431307413	1.5207492804304819	0.9198131959928978
HBB	0.08623433435610668	0.1328071877703012	3.457073603088656	0.2500330610079523	-0.9110223897734325	0.7765553759836058	1.4565858084977985	-0.28848381016724334	-0.930160797085054	-0.2893036249016628	-0.6027381080368877	-0.7644664393794379	-0.8956931834255466	-0.847394164169096	1.4801387950132334	-0.8195366276849587	-0.7830386039699709	-0.32871892932087377	0.31514560366211497	0.622689982846877	0.9916288601242654	0.05372729148407622	-0.03488573679963048	-0.4445631335387546	-0.8857514905243777	-0.7396162475966721	-0.3560579765742355	-0.8868018002128438	1.185613159325691
PLVAP	-0.4284624708505768	-0.2780469756270358	0.5428986957541052	5.0684758941379195	-0.25499893785099664	-0.1917637484755665	0.3865435666414499	-0.09809097177266947	-0.27570913419567944	-0.1587300782551134	-0.22826495053564702	-0.09503221355794073	-0.2676069844836336	-0.16277699617066865	-0.3170806201383713	-0.1794723033052726	0.0017286119694392742	-0.16335598648546162	-0.43187535397692506	-0.2849295470185663	-0.4096914892141698	-0.3817650791530662	-0.32469891353060965	-0.34472444725979656	-0.2730124938250029	0.2153949228088091	-0.2108307787278704	-0.2186496299529659	-0.23547158694811618
KDR	-0.47529887807496707	-0.44314527968649986	-0.18324344820827182	3.8724019053135	2.5465996282672676	-0.37979102896877576	-0.2569522974623524	-0.3344181377871443	-0.2644864426808508	-0.3745203936809775	-0.3236302821112983	0.8097033209394554	-0.3188743384348105	-0.2676304474429273	-0.31357581597314393	1.4897380107630125	0.2859060683849766	-0.30840997141301896	-0.4662198320911672	-0.44437636829489763	-0.5163863435379227	-0.4996659490041726	-0.48251487726252157	-0.4460534795056251	-0.4862235927740377	-0.3623471286489671	-0.35013599598536727	-0.34315788221175625	-0.36329072242673804
EMCN	-0.7044684409250574	-0.5485712799820847	0.13226872093821743	3.8161599749450774	0.2861577813720659	-0.5485038648610714	0.2715473753925012	0.7054829956277304	-0.062135457110534635	-0.4285815600193331	0.3107042550973884	0.2729630067106135	0.14251964672223072	0.0806384091005528	1.4079449701458657	-0.42894774812364456	-0.40558929308075725	2.2157175361530848	-0.6822468016746405	-0.5954604692383795	-0.7362631879173512	-0.7027475666699126	-0.6494804921017889	-0.6059014388454372	-0.6235060193623605	-0.22635110583942428	-0.555152907416256	-0.541072916000203	-0.5971241230370933
PECAM1	-0.6344383227850299	0.2998116459055711	0.20047519560693358	3.606756267005898	1.6174726974927545	1.456269181301529	0.4243215087606578	-0.317672982134225	-0.28911246609771735	-0.43909297681043835	-0.6034014709811181	-0.4341566151746292	-0.6838359067774675	-0.36739225797553965	-0.6785071161564439	-0.40598837070645305	-0.20485466084725812	-0.5632608801223783	2.113783883768698	-0.17680720897371982	-0.8887478702426431	-0.6358309025879789	-0.6627393767930805	-0.5294964047996442	-0.5806366760731085	-0.020584288882510814	-0.27009872351256997	0.10408170577538271	-0.4363166071834705
CDH5	-0.4337692974120963	-0.4401914046782084	-0.023308284719206106	3.513981224804149	3.26583192373371	-0.39310334849232137	-0.22809201898925946	-0.34435743526286183	-0.3914898362270126	-0.07490316890519935	-0.3070055637318717	0.8963530781511285	-0.34630889448019936	-0.1842176268764488	-0.33919844676627875	0.9302278803521967	-0.15030355528627753	-0.36807631157766124	-0.4516614615474594	-0.4358249611261467	-0.4959587420368089	-0.4317527583563961	-0.4658621399481165	-0.4257346580621141	-0.3844444178430361	-0.4076016017725813	-0.3651511016868463	-0.36557230785380773	-0.35250476340296805
CD34	-0.6673190953255085	-0.637557806676908	-0.13722866648618878	3.467083913142758	0.8089715954540105	-0.5715380691401939	-0.46496009707039315	0.17401555758982404	0.15993185141604147	-0.1482626163417723	0.23395393834506195	1.2848684426870183	-0.3905467778187813	0.1947036811768179	-0.10030570632042775	1.106882330043987	2.572065261606072	-0.31636244809017205	-0.5868698630615128	-0.6505776177866558	-0.7099982010366593	-0.6109717875889161	-0.6946198673819108	-0.6547560304303089	-0.6187993640614938	-0.5728255291586373	-0.4825476477075865	-0.4939846672954235	-0.49244471268214
ENG	-1.119342444627087	-0.9616908137244263	-0.3535426776801102	2.8619142074275743	0.40010490578350866	-0.22794466397832214	-0.5879407739819961	1.6012747199872912	1.0338187478420127	-0.6983770848405849	1.1900674359750476	0.698900880133298	0.42172034755814486	0.8695089532667457	1.6435472110725	0.22594364539103926	-0.3816340487494383	0.39556412507231997	-1.2989321765830568	-0.8505974820203538	-0.993809828492132	-0.48759169725560897	-0.38901051777517	0.24215696215964697	-0.11296298595659877	-0.08845833262486977	-1.0049185867597632	-0.9760957104225174	-1.051672316197091
KIT	-0.4870335826526833	0.15972929716203244	1.4877723471723443	2.7005942822484017	0.17548567872231283	0.361878192256057	2.319203693843724	-0.6721336452589093	-0.8259050402970635	-0.8259050402970635	-0.7181241287907254	-0.6750228782714541	-0.8259050402970635	-0.36813845081004565	-0.1408158212948691	-0.34001921212441444	-0.6705828026861593	-0.8259050402970635	-0.12182494175452403	0.25110725870938205	-0.6166036867345063	0.20673330099706055	-0.5411962178907778	0.26785044052279033	0.1008751205466229	2.4202091618858295	-0.6045440448336662	-0.5280602970253498	-0.6637189027502203
CCL21	-0.2575338399330833	-0.2585069994109337	-0.1486072471315695	-0.09084033641940278	5.1894477447452	-0.20508559982307994	-0.2579172523657985	-0.17072571021437682	-0.12966822861128552	-0.174995839537007	-0.11372483234502859	-0.12140431039000528	-0.0715929350383691	-0.106648523800057	-0.12476341968050692	-0.12452200642468622	-0.1882963637522684	-0.16192890638676297	-0.23705585746450453	-0.2443563948448199	-0.2593010782519682	-0.2593010782519682	-0.2593010782519682	-0.2593010782519682	-0.2593010782519682	-0.24876188576341463	-0.1583799317865582	-0.1299394300174999	-0.16768650234433996
PROX1	-0.5499868139539709	-0.48473438050471984	0.13537134351345598	-0.2756595878082042	4.316584040459996	-0.3347090661604979	-0.3941665026031256	-0.32627944106649875	-0.22260325676359255	-0.2611108770655247	-0.21045489335766193	-0.26999871244840773	-0.20378341770322073	-0.2398799594032426	-0.2323078107843827	-0.3567367572783557	-0.2769905248200453	-0.1250141123867166	-0.5043782578928792	-0.5028874937279499	-0.5531536471531749	-0.5398397372001861	-0.5414451141262357	-0.4892592099826266	-0.3335647601361337	-0.2623868591216113	1.0955582401975024	1.0228651771984945	1.9209523920795157
PDPN	-0.5477945274595287	-0.3103127439319383	0.24282290090988676	-0.41097097704239094	3.95217608741667	-0.4113846710193828	0.29204090732773474	-0.3682579430508151	-0.13637966380984662	-0.2702863362004615	-0.48150024139373626	1.6442750273602293	-0.5206050449915195	-0.38285800069285797	-0.212450543525405	2.2710755675282934	0.5792500530363234	-0.4927921863162738	-0.5134389617605388	-0.37424033983016186	-0.5520451781325143	-0.5268336467743552	-0.430434871800758	-0.38233499309505387	-0.2995510602216223	0.11254985355170413	-0.48550263449417735	-0.49318170375366277	-0.4910341278338396
EFNA5	1.8637523435091135	-0.6079294408750358	-0.03663673571832359	-0.5391788610228643	2.9761327819688	-0.6627459122461715	-0.19950141403998353	-0.4839164519967553	-0.48338020099995416	-0.5491924122915459	-0.4846548929860651	2.2325112082937317	-0.5260367780386216	-0.0655906884891686	-0.687518448757535	2.0071512024499514	0.10519817631341137	-0.33889411845373363	-0.7204559842876644	-0.6443386924980055	-0.5198794633035594	-0.5276327168015702	-0.5676862194021269	-0.11484298469943724	0.56349034406377	0.6517730921710737	-0.6726866578128252	-0.2092056956795648	-0.7581043783693394
CD33	-0.2000412621139364	-0.09637736422909955	-0.09191491417873722	-0.26331659715809363	-0.39801133520210547	5.053578093374825	0.5785921009274108	-0.3328719005308383	-0.236062908745908	-0.1921857911269761	-0.21830326730929625	-0.011870493228762814	-0.1287774868452296	-0.2503760920638399	-0.2435948366386777	-0.343791762984239	-0.48511528647651525	-0.0686058406106549	-0.21957066888824475	-0.10818349237451333	-0.2923972154571026	-0.2883652886554514	-0.48511528647651525	0.5455183322030189	-0.10510078828879107	-0.22479461472515402	-0.24564726340747756	-0.31825222596512825	-0.3290445428239655
CSF3R	-0.14950396495692211	-0.17441634251245078	0.2483717303367012	-0.26454374542832026	-0.3697873406711764	5.028671210050696	0.9461845603004971	-0.25939872355840243	-0.06713137715981572	-0.4066499875518122	-0.20307473099833778	-0.2508950179107667	-0.18222152179301632	-0.3116752627373939	-0.2389842611284698	-0.36330244501210984	-0.2422324665726242	-0.37196993387744476	-0.19546596431066252	-0.18225809190359038	-0.20470387703413553	-0.2059973936494425	-0.33756813512161005	-0.20907468230900922	-0.03015871024440697	-0.017858278254055084	-0.3164401828165768	-0.3468943718132147	-0.32102069136212685
C1QA	-0.06250055511717782	0.05305695791939983	0.23298799364946512	-0.13575933098797976	-0.4671173806330378	4.836227203228317	0.7473755458773218	-0.41506461407896517	-0.6839881290045854	-0.7843300917417044	0.219217613526511	-0.4554180456010082	-0.018105409641534134	-0.6266535800942281	0.21838783409122525	-0.687973200050214	-0.7930499035835901	-0.10522018323036539	-0.07185174830814572	-0.13039165990144666	-0.38290499077701917	0.3275034477750637	0.14786359353724116	0.13305909985670447	-0.1936444491175951	0.034657674420451375	-0.32515958267269524	-0.45240937365408196	-0.1587947356863287
C1QC	-0.42008621087985865	0.007878637819811659	0.3951594543651374	-0.15046265295571762	-0.3148312243494739	4.831318576070555	0.09888526747782173	-0.23562794324793696	-0.5952180243968719	-0.11051621365404427	0.29466575664727274	-0.24971053392599082	-0.008846376960055165	-0.47624216233699734	0.6968947899355312	-0.6606251720577383	-0.7401230880599954	-0.14676873432973095	-0.6267885882493406	-0.13478490960694675	-0.8240926269441439	-0.5454909802940737	-0.45595964031240743	0.2726221715477928	0.02465539967262391	0.3118020510016348	-0.0657616846545158	-0.3286283007063176	0.1566829633839765
CSF1R	-0.6050676755786712	-0.35748803184562145	0.33751011700077604	-0.45185904711420416	-0.4799350928363853	4.630503554631748	0.07508910216137543	0.6682152636886594	-0.18453846046508124	-0.4723591853808587	0.20189092801875697	-0.3272670086061411	-0.0615307054306708	0.018301628051842544	0.04613874520354542	-0.5227027668807689	-0.4213689672537421	1.5733257082543084	-0.6063718894950534	-0.45379515226097855	-0.483499012445996	0.13730427000834602	-0.3554481255830127	-0.2717451930250467	-0.21248713676066197	-0.019737202893873165	-0.46102798238449333	-0.46065050862639834	-0.4794001721516999
LYVE1	-0.7982794030945877	-0.4100861267018541	0.031062483059495653	0.5673317156062173	1.6747460046118696	4.263665707364296	-0.02300471446236575	-0.4429703706323408	0.06747514995889575	1.1320380025288455	0.09342520377179901	0.12587716915225752	-0.32250450850955126	-0.4187436436769969	-0.15332883485373736	-0.1297519216641715	-0.4781050311668456	0.3845671079109851	-0.679542113097037	-0.8000045570164994	-0.9472542118292675	-0.13406579680626507	-0.9776466248338135	-0.5454860218550783	-0.45373847175300325	-0.37426337364202156	-0.10130115314434762	-0.22784217397827358	0.07773050875339502
ALAS2	-0.17178360610640617	0.06949729151428036	-0.05445051029096829	-0.22918812262042312	-0.07659019057383487	4.212014460905507	1.6512792179481257	-0.30203120066662786	-0.6654517490422281	0.02184829871824243	-0.5687726720207191	-0.45532215740187143	-0.23969896696421633	-0.6654517490422281	-0.6654517490422281	-0.22886645876969616	-0.6654517490422281	-0.6654517490422281	1.057954743435139	0.40656659142466295	-0.10655858887607085	-0.18973360623874527	1.2798289980717654	-0.40627501219045176	-0.6654517490422281	-0.023333126605066184	-0.551246747317373	-0.5419967891485304	-0.5604313519733521
CD4	-0.12266756353324235	0.008823595926963607	0.2311608678054324	-0.422719384655832	-0.7675947817965746	3.5231823590551863	0.9901875128113898	-0.5763844549653336	-0.7871791677283692	-0.4689692504543654	-0.4258578596201863	-0.59396456306825	-0.6356066642402722	-0.4988449887151148	-0.5738685286571522	-0.5291900655193896	-0.7896548979418765	-0.3535824331575736	-0.4279172226273928	1.4835916162319154	0.014566954744286228	-0.005963794865861018	0.11349792927760465	1.9640795732927852	0.4785662772050227	1.3892472941678629	-0.7472019159181713	-0.7101438392475969	-0.7595926038058947
GYPA	-0.5076248944428462	0.44633392431896407	1.3330967082066958	-0.39036201989099206	-0.7400197417090614	2.5634598689209134	2.538019446126531	-0.3352584644163444	0.232689435062002	-0.7400197417090614	-0.32105932018975947	0.07611018236643165	-0.5705404882261971	-0.5350038831509867	-0.7400197417090614	-0.5586037937124367	-0.7400197417090614	-0.43868448554327466	-0.7400197417090614	-0.03158393068408479	-0.050837123872989304	-0.7400197417090614	-0.7400197417090614	0.5488807304037047	0.2416859646542248	2.491115463227107	-0.5338220242838511	-0.46570213162506063	-0.5521709712843206
S100A8	0.04875403010708006	0.28753977053368246	-0.17195038196524728	-0.29089249569065784	-0.44315774080906495	0.9156832366706008	4.872209665813818	-0.44315774080906495	-0.44315774080906495	0.034894558962295506	-0.23918988843649985	-0.44315774080906495	-0.19188656310134905	-0.44315774080906495	-0.44315774080906495	-0.44315774080906495	-0.44315774080906495	-0.44315774080906495	0.6295664701455017	0.1852771289551793	0.06478059142992972	0.22672687926243248	-0.18253452972966014	-0.44315774080906495	-0.44315774080906495	-0.41064141204062077	-0.3089070156173473	-0.3599824705638175	-0.2347124258356049
S100A9	0.4381001911002664	0.24295943688088026	0.20623515117537308	-0.209493999920068	-0.4908603137091501	1.2875480645541781	4.570216424864626	-0.3581850421527997	-0.6811632879150403	0.16720638231388937	-0.5520154078014994	-0.5389736228709175	-0.4854025278131597	-0.574730646881581	-0.31334580407720747	-0.48001168027818775	-0.6811632879150403	-0.6811632879150403	0.20387802908988722	0.11491006923161765	0.18089560814636593	0.7691954527925443	-0.09588206618533207	-0.375399563519473	-0.47713109030237333	0.2557061385378364	-0.5492275390937219	-0.5375859287529144	-0.3551158515839585
SLC4A1	0.4712137389975357	0.5386922729906388	1.1916417997263844	-0.3767164458054449	-0.46824518223087547	2.1973547998595535	3.3803467458635788	-0.6052655484586981	-0.5294379125407174	-0.8220865815314866	-0.6726591003679143	-0.7482611479260407	-0.7832687830715154	-0.6959150051755452	-0.6854245846413488	-0.7676952263332304	-0.7522620136788168	-0.7522110463863256	0.9265176318235445	0.4650495854771615	0.6558779754260846	0.3769067060888838	0.7704666442700766	-0.4240377613674147	-0.00954173955288271	0.15579540639540002	-0.6891818224328911	-0.6826999840339698	-0.6649534213837242
CCR3	-0.38208139509616496	0.4406036949679166	2.160016436831561	-0.4024673787955912	-0.5695464166172263	2.398994148791893	3.288571194621747	-0.4273249808799127	-0.45069681818655405	-0.16628446746405293	-0.556314183831142	-0.6899373988430636	-0.5147127855650117	-0.5782240016184453	-0.15615022974923717	-0.5973078344352709	-0.7514268543140921	-0.4514746217335811	-0.3299837899566271	0.35629084609444567	-0.5471975819407414	-0.2589333090511261	-0.19775222681974872	0.08409198740293408	0.2530038713692349	1.0014469454561248	-0.6364489601299717	-0.6687489927042952	-0.6500048978039997
IL5RA	-0.36759304602637377	0.3978875525513076	2.8434164029663767	-0.2787585941444925	-0.6876261370811024	-0.05916721282287002	3.0527373458877793	-0.5528778579387609	-0.6876261370811024	-0.28938206103894554	-0.5989274187356107	-0.49103599348195553	-0.5111005046869391	-0.46126803610004014	-0.6876261370811024	-0.25784034932927885	-0.5043194021413546	-0.4116765766535167	2.072719545650702	0.03816082532860778	-0.5716739606967443	0.01839148953599231	-0.32057296642539446	-0.0058591438246961966	-0.10018606667970485	1.0881464879745095	-0.5266377426542154	-0.5875066775085619	-0.5521976277625111
CPA3	-0.023383271256034812	0.3491669988710443	2.6454501640421544	-0.4293512102965227	-0.2621136896738617	0.6191876150949405	2.9695483991194305	-0.5563440578298169	-0.714770682835171	-0.13812840918771233	-0.5010304579912558	-0.5939534064058333	-0.601499375590214	-0.18345094856586247	-0.43414576132547783	-0.34934553942317814	-0.585034925468193	-0.514390966575326	-0.41050490738925366	0.0236384973925616	-0.6729716532087622	-0.6488524605633569	-0.4996458554243491	-0.33200191110831073	1.2893589192024395	2.173323265988917	-0.5446156270765123	-0.48138405258481015	-0.5927546899316742
FAP	-0.5967716418615288	-0.12843007050253205	2.2568356283404083	0.42113390521319377	-0.569259274626467	-0.2560900744015225	2.5490600016589124	-0.7487577484098353	-0.24060149102253287	-0.8444962621099279	-0.15869115867943767	-0.6866911060403024	-0.8444962621099279	-0.5987091741027827	-0.5760935445655003	-0.33456074865093455	1.5375121955073356	-0.3563445112008448	-0.45225139174129597	-0.24562662459265747	-0.8444962621099279	-0.1279759570035555	1.017280686135863	-0.019098400420796666	0.26106357110753037	2.5062046412783183	-0.6990159219105834	-0.5051587998357797	-0.7154742033428886
MCAM	1.6918002728725616	-0.49197955908542146	-0.28201239467671774	0.015496244618164285	-0.577627894711062	-0.5141789781887589	-0.3121959975706144	-0.5170698237100099	-0.45571265085606444	3.862939290975257	-0.5566886809637345	-0.526834077370492	-0.45356568224107585	-0.5441050323526835	-0.5635822357643135	-0.4277197068996896	-0.46956387809299416	0.3150699180089474	-0.4775385613878542	-0.4468350002479556	-0.45777372188054705	0.8481273861029658	0.13621804171219767	2.182360805006325	0.27494080284448164	0.06751667741139787	-0.38041965864501104	-0.398905609697086	-0.5401602952102139
TAGLN	-0.44486921570031246	-0.7198294152478742	-0.7838462762055864	-0.8524504617786801	-0.742566643252585	-0.670706596762011	-0.8801771238384807	-0.23704374987056148	0.08528741740104376	2.733250139851625	1.8429688692213986	0.6933871847395522	2.2604766869497066	-0.4471078069301809	0.20363711904473203	0.6616003942485349	-0.21532437837467802	0.2541296246918805	-0.9229615537049474	-0.8386926001415532	-0.44475578154807305	0.2781340572257706	0.07438304672138857	1.6650330743491106	0.25570725759958957	-0.30403448215082796	-0.8362849445463448	-0.8421872829261988	-0.825156559065435
EMILIN3	-0.5534222584841652	-0.5495974122765079	-0.22355208777335125	-0.3835242186088092	-0.6671980225001404	-0.529559028035848	-0.050982870359162255	0.3207743149621997	-0.01536749944743974	0.17471055227432084	-0.28563472862851425	4.374604151907346	-0.22399748565321162	1.053263861941405	0.1379950335538087	1.852283192786036	0.06395478333657745	-0.23590420543757445	-0.6671980225001404	-0.5839563691020403	-0.6301900340766653	-0.6671980225001404	0.03765661875236792	0.17333608347331816	-0.20312564392617724	-0.40871625995622235	-0.46842240134863816	-0.379142724697151	-0.46188929767548187
POSTN	-0.5073054877453383	-0.4537433408358862	-0.27907503573273446	-0.03514784417517329	-0.49221461050226123	-0.4998782053404525	-0.21844859732093644	-0.3336174622398917	-0.6004703108672369	-0.2763838113180224	-0.38595232696584314	3.654919620541597	-0.5361427560005848	-0.5302585370202053	-0.3855762492881856	2.240467703242524	0.6488526306261017	-0.25495819188192703	-0.5427245739616887	-0.5105382235056638	-0.2759017181178889	0.8973978440773199	-0.21378047325290414	2.0395350002180908	-0.2840961207703524	-0.28020211084766056	-0.5228805021645581	-0.5129361760565387	-0.548940132793698
ICAM1	-0.7971751217914702	-0.4623663229203103	0.2765378388556241	1.0254997463401863	-0.5349284260977365	1.4358016054976859	0.2856883521863767	0.9633592939617898	-0.7482394418166426	-0.8710512430227988	2.4367816450347477	-0.497782653934811	3.0404581205904413	-0.048898534906181124	1.2549521638626326	-0.4300301850938756	-0.5443328025927805	-0.6360416537255543	0.03930456695395762	-0.5364719966933195	-0.8769951469343235	-0.40426463281457553	-0.17147127911861196	-0.11909114159732236	-0.38639023180607357	-0.2679034682553766	-0.7426163510134123	-0.8277473388183441	-0.8545853603299187
KLF5	-0.4208132161219459	-0.4077260082223419	-0.17339874532757754	-0.39143186765816784	-0.3694004840297478	-0.3915537390799743	-0.2823885357241353	-0.04822560888892862	-0.23210325637365134	-0.24498308810173236	0.2780324696676008	3.4146550460302447	-0.09036486182894671	-0.05976124837035778	-0.245443133072073	3.658513679763036	0.3431399845640702	-0.08024647547600468	-0.38589081561700644	-0.4051297348304719	-0.3972608308340089	-0.3651797176021336	-0.437428489737986	-0.4274961917307983	-0.39823723383518667	-0.256594308419678	-0.3957014988495383	-0.38552740708896766	-0.4020546832035911
NT5E	-0.691502933278463	0.9923901713429979	0.2585970189197687	1.3291635529101855	2.082486888612191	-0.6105160870664113	0.17179541911832047	-0.6784376249069102	-0.6949440477874225	-0.5735345630191063	-0.4591541876922426	1.8391903000195835	-0.8156173171269638	-0.3679246687717213	-0.7282691634687043	2.6611021967398383	1.4633165563240758	-0.7444288093674654	-0.7409110795021396	-0.3236533960772057	-0.645468537805686	-0.4881050443582076	-0.8344765578673798	0.7817052144673077	0.04365451086591635	-0.24904986024513256	-0.672112040235063	-0.7133325175691624	-0.5919633931747987
MFAP5	-0.4233542695669917	-0.3259981739528239	-0.04815872426141757	-0.33206502719137204	-0.31858067313709265	-0.3593330850498076	-0.03203481296042343	-0.2227793083130444	-0.3048807770619445	-0.20507198311778968	-0.402425345135475	1.643173866258241	-0.41059374703130086	-0.2032980169153467	-0.3398640617168312	2.983772456098555	3.6579353041882032	-0.4213003052082852	-0.411995990360246	-0.3892743275468442	-0.469198591622106	-0.43854769544648775	-0.4361523171737498	-0.3805666474216687	-0.338438539500335	-0.04613741340475535	-0.34359753242607155	-0.31075756116026	-0.37047669986252796
RGS5	-0.43490154280014176	-0.29238613648668155	0.2608917069315183	-0.397030633263416	-0.32675282932060035	-0.40463944475732416	-0.16417834598091294	0.1317862455210712	-0.4044602019201006	2.4232256616285457	-0.10118223916544546	-0.24435609889397827	-0.1859598951379664	-0.280363878092309	0.10495550343289345	-0.36467778093853936	-0.45430389185029374	4.389012798554739	-0.395946823173187	-0.41170770361578635	-0.478996265336644	-0.2947588092911256	-0.5348209282101315	-0.5061340405476957	-0.22545194552831294	-0.16028046817389383	-0.09488693826285223	-0.2635257394356766	0.11183066411424888
NES	-0.6307850590432167	-0.632189318070488	-0.558875830334991	0.8521885335395152	-0.3204230233526266	-0.5852223837862112	-0.577396422792086	1.6427010165380922	0.22484408252643895	1.6384681976870932	0.22401433877554522	-0.5096370829171201	-0.019158491689395905	0.1918689667016602	1.0495675014073025	-0.5463948166804511	-0.23327551065448865	3.8860578972643003	-0.5417190833699009	-0.6173845836683732	-0.6148450036983947	-0.34002136818209977	-0.6247373180907314	0.26750139118035643	-0.3516551050877621	-0.6106932316737144	-0.5484328311275622	-0.5465982680748447	-0.5677671933258458
PDGFRB	-0.7858915231405693	-0.9691556916005227	-0.8241762214877041	-1.0022192787797435	-0.9377268522091653	-0.9886774649151182	-0.9011578441048791	1.6597718008135312	1.259454657765105	0.9187592738322854	0.739862318168162	-0.00560057139421227	0.28149861528510994	0.7478899910210763	1.1478946924345619	-0.300316819554167	0.06492437788585942	2.4974088791498517	-1.0046135960175528	-1.0004156167992544	0.09390129631761143	0.390025029137345	-0.45627153241667573	1.5275038303657895	0.6097298590939453	0.20862143877735487	-0.9913581273131206	-0.9968265072782884	-0.9828384130366166
MZB1	-0.16122068106157803	0.4401202491510222	-0.1932882167934554	-0.22604118156663972	-0.24999946807566445	-0.19410783354793582	-0.06967042950104176	-0.23560603095230423	-0.2233973634980714	-0.22269933589091997	-0.24747696172283362	-0.2489967817987218	-0.22897282555886367	-0.23349489618892744	-0.2334016710333877	-0.23676179508142525	-0.24999946807566445	-0.24221450255051546	5.1572009097391165	-0.1553843256987624	-0.14186975180041245	-0.18080072022215019	-0.16937971479564382	-0.1611587566906462	-0.19107337628870538	-0.1827409751497502	-0.24017222889667386	-0.23478081717883417	-0.2426110492706107
SDC1	-0.32123652579993905	-0.2958698652297547	0.136938251982726	-0.22659434557454428	-0.14568506856038188	-0.25778149119784965	-0.08826023845152027	-0.22746427160329308	-0.3430812320445821	-0.25804820017837515	-0.21022428539569366	-0.22473695780269662	-0.2826878720954643	-0.304093457431292	-0.18498730175393172	-0.2504458204721835	-0.33828195961650115	-0.16448593004024084	5.134217560478723	-0.30206601326805255	-0.26568441393452324	-0.2854439479052137	-0.1542592334932631	0.012765601165010562	-0.09041086012903882	-0.32887734432516	0.013427254481981387	-0.12440186366643924	0.37775983186149475
IGHG1	0.42177733623910474	0.6596352007752384	-0.43264106776943184	-0.34019233328676857	-0.44461840719175744	-0.09942364807446111	0.5156921638071019	-0.4437621814789188	-0.4355609926837356	-0.4298861393964256	-0.44774410948058746	-0.4323375088261116	-0.4255142030501623	-0.436818597560152	-0.4479016699342273	-0.44606443134402696	-0.43740419107359135	-0.43803504551078204	4.812810079971134	-0.0689620239633186	-0.1457742467081963	0.40449367757568855	0.7374141760922014	0.1208827680383241	-0.005395338238402186	0.010904023221604052	-0.44133859145712756	-0.4366624045601525	-0.44757229413206023
IGHA1	0.6431272172470465	1.3352577065633089	-0.5719744775020981	-0.4131175554265253	-0.5793950534527376	-0.026021010528642568	0.9523968464425474	-0.5770060572218718	-0.5619514443538312	-0.5043053038362649	-0.5741116068656696	-0.5596116838953366	-0.5517492322724046	-0.5725913456458384	-0.5878467220218467	-0.5831963668686868	-0.5878467220218467	-0.560542935287787	4.158780348307948	0.05941463758048308	0.16830129007919617	0.9630715259819493	1.1283845442123503	0.1033622232055853	-0.051030767873127374	0.0750252883874191	-0.5754643387145091	-0.5742147397307383	-0.5751442644880724
CD38	-0.5869384358451429	-0.23646793612065645	-0.2584998190371969	-0.07119395625352037	-0.3560725398596461	0.5810660576159932	-0.09476494745845558	1.2797494577719923	-0.5844151550267958	-0.6736530106398456	1.4627179749464112	-0.5736161687204082	0.5632547354228822	0.10974165025053302	0.5813569705155333	-0.5674254415471388	-0.45117514209016285	1.4036368332593903	3.980143717053277	-0.39320991904287855	-0.6584893284988623	-0.5531510289044068	-0.5464294362270136	-0.5868515125793395	-0.5433017915428353	-0.3165409211036384	-0.6303534238037094	-0.6461445607718065	-0.6329729217625517
CD3D	-0.16291279647037651	0.3607226564038465	-0.14432239752677514	-0.38323646551958807	-0.46662056623738046	-0.10302256323370831	0.5615030936109406	-0.45283664583642347	-0.46662056623738046	-0.46662056623738046	-0.4555080091739793	-0.46662056623738046	-0.4241216496345074	-0.46662056623738046	-0.4381385310566167	-0.4026214950079331	-0.3944321836625102	-0.46662056623738046	0.3171608830417314	4.868700582861489	-0.0202300260431591	0.4054028842048555	-0.10251238742177118	0.4444615485032054	0.338917721061484	0.28891409930379075	-0.432320804549065	-0.44008761068782293	-0.4297565057428247
CD3E	0.11873410752820836	0.44514309840835775	-0.28965825740733886	-0.30216670782956223	-0.47303739030465514	-0.0427954695681757	0.9709526530097167	-0.43522826689919214	-0.47303739030465514	-0.47303739030465514	-0.4033046639414182	-0.47303739030465514	-0.43134817676236625	-0.45416213715850084	-0.3776580635431256	-0.47303739030465514	-0.47303739030465514	-0.3978151911434877	-0.04492051057452201	4.785528632495031	-0.023937588558973367	-0.23581552560668798	-0.134868595003687	0.329110646983787	0.4721014068764747	0.6187991152089145	-0.44332254999956205	-0.44687802876106525	-0.4382655859248943
CD3G	-0.07652987717918143	0.3530368086482807	0.09328949323671473	-0.32052309492398257	-0.5049537122110269	-0.11065753019025162	1.027180193609219	-0.4426933304850236	-0.5049537122110269	-0.5049537122110269	-0.45971714717373446	-0.41660708511435884	-0.4490728433747935	-0.4756763756829088	-0.42687926710064855	-0.5049537122110269	-0.4244441833576527	-0.4065672691920892	0.1549742035539264	4.740919214773787	-0.23330418872198722	-0.29719306453446476	-0.019678920358463452	0.673460095512194	0.5404162280537619	0.35723610423463353	-0.45812551841787774	-0.4551092954805108	-0.4479185014904798
TRBC1	0.023232603467067372	0.15396751384253843	-0.5069429457743007	-0.35673183752213566	-0.27950236576256343	-0.10520166942358816	1.0964437310457489	-0.48402649891904914	-0.5069429457743007	-0.5069429457743007	-0.4098340239989531	-0.43853272215452543	-0.41335183989834423	-0.5069429457743007	-0.5069429457743007	-0.5069429457743007	-0.5069429457743007	-0.5069429457743007	0.21053426338983763	4.668644431244856	-0.08294225730430595	0.07521061079086074	-0.06001211722154171	0.6746163487201176	0.519569599183176	0.6895591859611172	-0.4661317713366377	-0.4953289368466173	-0.4646386810626534
TRBC2	0.11042548899688909	1.0555837090283682	-0.4220238358806763	-0.3732578514132074	-0.5449090740783292	-0.05324025002013581	0.8796054343128561	-0.5047380580553483	-0.3438521942660453	-0.5449090740783292	-0.4625806005985926	-0.5013793040065715	-0.466086875072048	-0.5327154489515311	-0.4775989237514687	-0.5222551328948726	-0.5192794689391597	-0.5449090740783292	0.18650229842973695	4.529502447790203	-0.00158174151388093	-0.10126934445792654	0.020107669108175075	1.1088752647181503	0.06949418790870925	0.46903410066099477	-0.5052184801751713	-0.5091777631091979	-0.4981481056132609
CD8A	-0.017967119894052308	0.4105658814887478	0.6519904805422033	-0.33421776306351325	-0.4296945753658361	-0.039683183001116805	1.5737111852661174	-0.5384538268181027	-0.6277909266839925	-0.6277909266839925	-0.542303171487293	-0.48343714427581047	-0.5061309708804335	-0.5789868135417092	-0.49057577435689564	-0.44355641313602434	-0.5747748628101628	-0.5565674035777403	-0.03710825366851104	4.468031611878944	-0.017263633128015012	0.04322653137620598	-0.16053243129586456	0.6093914514765668	0.2601063220642206	0.455843766556254	-0.48132263114528373	-0.4736309908559808	-0.5110784149789301
S100A4	-0.25428183281616806	1.3548811546948125	-0.2648130728330148	-0.6408379816716104	-0.4220866813382508	0.9532479536775529	0.9464137131267082	-0.7541135037439579	-1.0858914986920194	0.36112010424765517	-0.6442182225607338	-0.5397008280703832	-0.7492474248701199	-0.9029310370666745	-0.4779850294995747	-0.6274640905118974	0.5357484111661972	-1.0858914986920194	0.19362353541050004	3.072030825748059	-0.2039133504701896	-0.13210498559541084	-0.357526467886	1.7792263550560266	0.18821972332289055	1.8168975983380236	-0.6956211646555805	-0.7533009225016526	-0.6094797813131648
TPSB2	0.04527847111791118	0.31807711066292965	-0.3906966416203368	-0.6224828583518724	-0.6978924800098859	1.417348956126576	0.35735698834710544	-0.5555927266367398	-0.6978924800098859	-0.6978924800098859	-0.5150798851518336	-0.42876076779739575	-0.6978924800098859	-0.38582235262601583	-0.6978924800098859	-0.12366097422200382	0.21551399647115504	-0.6978924800098859	-0.12828847898846527	0.25154811136921745	1.451892723987754	0.8213736760918603	4.074604063490832	-0.6978924800098859	0.5437820857225075	0.27516942737635075	-0.5520455428317717	-0.5979781260304214	-0.5862898964381398
THY1	-0.42177639615375717	-0.3988882800496497	-0.30293528204002607	0.19484077282921614	-0.4807678226468006	-0.42157136731456557	-0.3231938054362233	-0.2899532377281991	-0.27067777329093395	-0.3288700503771242	-0.32060817659045543	-0.4069664471289103	-0.4568785434005295	-0.3644308561807155	-0.3023321817295753	-0.07711527308161184	0.3179913017237536	0.1463896553944582	-0.410182062568701	-0.40451047548145236	0.7975831616672809	0.6839230424416626	0.5366867490996404	4.851509098718822	0.051189107052865133	-0.27082678823149187	-0.446859404610959	-0.4482406158721078	-0.43252804901390796
COL1A1	-0.5390660301998004	-0.4254057048320311	-0.6860733940416466	-0.700650043407782	-0.711836307546939	-0.5970553473569822	-0.2776273306769876	-0.04964797842212919	-0.10162176254683068	-0.34412253916466	0.10102845881917438	-0.10665255375650773	-0.4330095748821186	-0.36426894723467257	-0.09602876157620222	0.3188726028652232	0.7023574540340332	-0.09714884078914787	-0.59727190495220706	-0.5282505275036744	1.150768137986723	1.1378556189935494	-0.07167492939926091	4.338892479123052	0.8296689668400843	0.362297717986233	-0.7343652416358687	-0.7394988118473261	-0.7404649048752966
COL3A1	-0.5313670833765516	-0.6779738536334575	-0.8109945156683633	-0.7710424780034159	-0.8069638405606351	-0.7721491018505571	-0.6328194456321065	0.2636651069539052	0.12506116031517037	-0.2466528461130665	0.5071895170815139	-0.2516985759085682	-0.20100886222883646	0.06863312722269416	0.39390147105876155	-0.019306197144854178	0.6658994089220622	0.32234649928553566	-0.7666920282179653	-0.7330551030801151	0.808548786690714	0.6498414374490559	-0.1950729918184287	4.020624418640752	1.5330848287690833	0.5556854441416303	-0.8287230542698377	-0.8369022934603936	-0.8320589355637232
COL1A2	-0.6915601663075527	-0.6436569350702754	-0.850050727548449	-0.8529609840983712	-0.8653797017528344	-0.7898914090849665	-0.6131768731956475	-0.03523653300269973	-0.06224502135077296	-0.49704210018329986	0.3847528959748816	-0.0821516024866635	-0.1957113743275674	-0.015593308869068864	0.3492713009711634	0.2702029055202609	1.0264954155845727	-0.038809056656744036	-0.7612496619938295	-0.737121202608717	1.1441539251792683	0.956538218107582	0.490101689541059	3.722357337902024	1.4374492948476008	0.601180525657595	-0.8803995623124303	-0.8913958015980317	-0.8788714868380846
CD68	-0.6324404835928789	0.5132635086222196	0.09718496764415761	-0.34944308812120306	-0.2269841950898422	2.8558737362059152	0.4903862200763199	-0.2934151741187946	-0.9171405108185365	-0.5561720484432582	-0.3009512745740132	-0.29711994314188284	-0.33531135144008484	-0.5930187019242861	-0.26699390157656533	-0.4157910173536579	-0.17524935765975222	-0.7076061661179244	-0.5189386380771436	-0.1147811408067424	-0.38829098855217153	-0.7308296921765147	-1.1275811758800531	2.8680036547897347	1.1690563571577415	1.9765916110103778	-0.3321867181488126	-0.4333082057900548	-0.2568062821022946
LUM	-0.7442295631568234	-0.7451946362365397	-0.40462537180666774	-0.6344738354212252	-0.5190020457422896	-0.6716321970362857	-0.7265490510324858	1.27584051347362	0.5188970161911122	-0.5161733949244101	1.469907781298965	-0.2622837414489965	1.1266281939460052	0.8810028234378646	2.6000690464686116	-0.3120188789860133	0.36361288719508406	-0.0800320967690238	-0.7529218723732779	-0.7501778067556155	-0.02147463311023612	-0.5241882289784209	-0.6941623207831196	2.8615911597867227	-0.3256963482714175	-0.5520858720339936	-0.6099971522487181	-0.6483537996522061	-0.6022765750302203
MGP	-1.1047640245963144	-1.0833977668193604	-0.34091488163419614	0.0637028777375883	-0.45445072421883886	-0.8378886797041967	-1.0712696680535574	0.10952379554814348	0.5113350396971288	0.575257860645123	1.0774384244394313	1.378784685858997	0.5795458872467182	-0.06510051716711783	0.9619531944698224	1.6845598547643235	2.10064445033134	0.6696292277020487	-1.1124478077093252	-1.0546912741897252	-0.6420785433357614	-0.7409696969791706	-0.9922825394747737	2.269106789957762	-0.3431414010919724	-0.7525959088470626	-0.4813317752038541	-0.5732853468482602	-0.330871532524938
TNC	-0.3996243801495045	-0.2783199990777862	-0.2814028291583437	-0.46485726020228224	-0.5263570805086724	-0.40920061325943263	-0.14168830585375128	-0.3253511346459276	-0.5264617338367911	0.14566383536911756	-0.23800236388051904	-0.4088513160221162	-0.4134061707489486	-0.42558572970316116	-0.16625378461315612	-0.4530689771692969	-0.4701317037808347	-0.38842041757937806	-0.4276249602328742	-0.3868447713560824	-0.10091644178014762	-0.2526553673460177	0.43413977162337064	2.514143964128764	2.975458483889397	2.9732316744280904	-0.5169501645647945	-0.520474473981618	-0.5201877499873019
STRIP1	-0.9771213484898543	1.4692376731865253	-0.7499320341044909	-0.4445383185354895	-0.46264462472695866	-0.2205668650356403	-1.1640976767994864	-0.18248208002372832	-1.7568564066681156	0.014009870016374742	-0.4232666453098951	-1.0056072874713067	0.6124698325515372	0.5135964002327723	-0.08561994582302022	-0.1761126908669702	-1.0312394369385842	-0.3818999234012932	-0.9234471310670557	0.32510315396239686	-1.1404377428481964	0.8951755996913983	-0.3647967337396441	0.8163797035766379	2.818855370894081	1.4524293302013085	1.2117588045628824	0.7022603740441672	0.6593907789296485
CYP11B2	-0.4603490672962754	-0.45902261657465665	0.04484857125442355	-0.10153961110004066	0.0906305280292995	-0.3038314621883556	-0.4476415791851324	0.22238354680475153	-0.16857273360084793	-0.19406889438667244	-0.255060309132115	-0.0011318052521712572	-0.25351152008495786	0.2648951807770396	-0.2722163892240839	-0.12709031220349468	0.3633721213091525	-0.03866281332808536	-0.4324182674096291	-0.43798875724134334	-0.46314061391949074	-0.46314061391949074	-0.46314061391949074	-0.46314061391949074	-0.46314061391949074	-0.46314061391949074	0.40651261508905523	4.976183480778056	0.36312377768302834
VSNL1	-0.5867606876486828	-0.49259482170240826	0.392724403572616	-0.14057276605035454	-0.024024389446609305	-0.320112770933845	-0.14084328368722418	0.07507695596801986	0.14044452659158846	-0.21038848512676986	-0.18461578024062528	0.1386475909711986	-0.18722005794656504	0.1862546649728223	-0.27240184929775585	0.1779586725490098	0.1315390886849174	-0.12722075024354942	-0.5584743826078356	-0.5205546609992402	-0.6250982186610021	-0.5653412838579687	-0.5783872590412399	-0.5645733128141861	-0.5445355043730142	-0.36865530411678116	1.1115250337445781	4.811067004192188	-0.15286237245128032
NCAM1	-0.9269729431719543	-0.8529488521980184	0.9678495902231992	-0.23306759801428165	0.35960052132972503	-0.4245870560435463	-0.29578609579632426	0.036234222805323214	0.2644493552388126	0.8063337612704874	-0.05039758719646577	0.07561567900176303	-0.03874423321258419	0.2763862182926564	-0.09285809963165462	0.30665369969297407	0.341870015888683	-0.0756323437994006	-0.8237754696775346	-0.6746565490941607	-0.9574172489965295	-0.9027643528731158	-0.9710555004217619	-0.9369992587993434	-0.8674442771662627	-0.5683734171114039	2.9106051970247857	3.115232775261545	0.23264984717438725
DACH1	-0.9568308438054397	-0.885972548779746	0.19902529827968127	-0.29887154540191063	-0.3240366803316291	-0.6198620545868587	-0.5423405031137292	1.0332747448910016	0.3540990375064836	0.3315114624482092	0.18609716217755487	0.08576926009825671	0.51828165594162	1.6619838797795312	1.1721575565425957	0.2490012766173537	-0.015906574190531438	2.306238389922241	-0.9299071042605945	-0.8543134801729695	-0.9853949153518049	-0.9729202387345387	-0.9870176475649055	-0.9682706948891698	-0.9419329128927408	-0.6766015292412134	0.6697374650836423	2.618742304966914	-0.42574022093730496
CYP11A1	-0.9049893774991596	-0.9212692019485891	1.1719746534825504	0.024054861735763062	0.15674584412718276	-0.28554242193206697	-0.8413724666975801	0.15026536202735044	0.14839251784797905	0.04551245512741346	0.44711723298263484	0.28014458925301305	0.20118325362347547	0.03554603716631853	0.6450248761506381	-0.011047028677584165	-0.006775321298796605	0.20102922276721544	-0.8762690512526631	-0.7904271800322705	-0.9236933804683749	-0.9167221972617413	-0.9374841008423405	-0.913339052354411	-0.8720570909973504	-0.8254511327589559	2.0075604500258724	1.0578814264439576	3.4540062212605207
ABCB1	-0.8320153855940369	-0.6480991380956265	1.0347168111348937	-0.0668578217581407	0.335807816948005	-0.4062120668165035	-0.2906585657869588	-0.07729729323567942	-0.2119787609816248	-0.12400834498862691	0.09847424020482978	-0.02814321373787231	0.08793186868282575	-0.07367654353556734	-0.0388731615190364	-0.2650606327259799	-0.10563981164932815	0.1345804000999342	-0.781449921398135	-0.3651905798940359	-0.8980614963140675	-0.8538822559109681	-0.8921455131796556	-0.8349145294372327	-0.8629669268421172	-0.5726452518806893	2.3505643506212257	1.7474470159554663	3.440254711634705
SULT2A1	-0.9927720002541467	-0.9678780960072791	1.5640670125081788	-0.03909676052068994	0.41995108516851265	-0.4258588354703894	-0.7120303926930119	0.4096541221421781	0.5935264280678345	0.3508492619623938	0.06549623464209844	0.3023907024899659	-0.038714215202047854	0.24972971838489638	0.13388785294371267	0.5055735337312594	0.5507022728979662	0.16075473266794763	-0.8662967176403134	-0.8523475181476946	-1.0423032303448665	-1.049629744364312	-1.0111669277727466	-0.9669999259741271	-1.001278355805084	-0.9217482744853752	0.9203606866452907	1.2878774122285108	3.3732999382013418
NR5A1	-0.7062873455634268	-0.7026275978320123	0.6581088793920471	-0.0322907463815408	0.0017931134512291468	-0.25188017913332555	-0.6174463859982042	-0.12680742342763862	-0.3820768803719799	-0.20525611884595893	0.24061478100184105	0.05495334541089789	0.028371799855786348	-0.23581468435017292	0.31451179486428	-0.3471338803550351	-0.42582913474646805	0.1386585224936313	-0.615076390304169	-0.600404227615605	-0.7211517258841278	-0.7068947466639406	-0.6830383848150392	-0.7211517258841278	-0.6996377628298397	-0.6539645600792586	2.841062983652086	2.155605842472308	3.001088838487763
CYP11B1	-1.0530075345973957	-1.0708471785517282	0.9676553050725918	0.1422080056815622	0.5974486518702383	-0.2909109235189661	-1.0632297554617527	0.2953908361621942	0.27133444609674096	0.43173740656315995	0.7396536048096338	0.4273000195077475	0.6440786538672326	0.14634666145439323	0.5961138809636637	0.12800488049817152	0.1994333216018978	0.3759476684879393	-0.9437924834186876	-0.886355219786123	-1.0718971839380482	-1.0718971839380482	-1.0718971839380482	-1.0718971839380482	-1.065661701221844	-1.0718971839380482	2.2955933210886115	0.9358789947163326	2.539165057804624
